# n=1000,M=64,U=100000
# source=simulated,contrib_dist=zipf,value_dist=uniform,seed=42
85469,76766,63726,89313,78022,65257,86307,12441,81826,29539,73307,91332,49603,8873,37023,40685,93674,94251,56847
95067
43629
41120,83651,66740
52238,45675,70561,75346,49059
3158,10183,14415,46209,61420,80377,23255,78660,66605,5165,35122,30266,88665,92120,81926,52801,49284
31148,77290,8628,27114,13521,49426,29975,19748,37641,86089,55801,82307,91391,90215,35100,87748,90938,95960,35100,22833
58427,93183,90062
57121
14924,42249
71412,56037,34547
34260
5975
28855,66938,24131,99340,8242,58877,49656,83331,88777,54348,63015
69896,52098
18488,42859,24155,46440,61516,20927,24942,82294,37773
19838
71318,71662,82616
75999
99197,57487,28682,86293,26481,29105,82850,88162,33934
72941,92240,79875,499,66458,16989,84635
6704,99310,17733,42016,23408
81392
39350
74458,6721,45287,91106,92695,20869,39442,40911,56547,53734,10594,76267,22577,31494,84070,68965,39655,91248,39408,56550,24598,18319,49161,56302,80582,39090,89517,60739,7011,73910,57482,38935,46727,30179,61428,56695,44728,28519,39864,49784,47188,30929,58200,22655,50098,12155
47214
78398,81784
69470,74565,6595,34138,65425,80058,58285,85365
27306,15349,8638,58268,66519,28531,78366,73917,36013,23878,74232,67141,17078,25512,48597,51114,16596,94865,38865,38131,6053,87574,23514,98695,49602,87485,17912,16586
80112
81966,54309,3214,94373,39330,93599,87074,85149,68875,67325,53274,2477
38786
73054
81230,55957,70956
2174,46841
50773,89249
31105
22995
35238,17039,55842
64281
80112,97200,7360
24725,30071
24967
82729,13950,2973
86057,96152,22639,33285,50318
52595
99088
40415,1214
42276
55649
51689,51229,92262,80745,25171
35528,66758,41034,42840,16793
25437,74082,84293,78471,30783,13666,15969,39346,51776,89291,89883,270,70756,29876,19780,55504,3391,33409,55222,27204,59339,46004,79941,18152,5710,52963,25689,70670,9328,57530,98984,9311,30182,84441,53356,17497,21313,76481,86090,36056,47383,78276,17692,20627,77443,18666,77081,49703,99004,3293,94596,22529,3508,72401,53253,83739,10835,8078,56725,88208,40576,79752,90621,86969
50867,69843,52567,67415,56709,52509,43681,65279,75110,91911,61323,10052,58748,31576,2681,7245,59130,94481,50557,44526,8866
67535,5547,84112
81641,99101,28428,16178,29953,79952,21882,88743,15418,4887,21935,75409,60228,35472,65604,64860,55472,51405,10149,25974,52770,13522,47584,11694,78724,10332,9253,63779,22053,35141,31426,21663,76178,69189,23877,68685,71347,53917,57839,93496,45388,38541,53900,83587,70959,7514,45928,73983,22391,98845,80811,84660,8172,57967,52779,62677,85027,35329,53398,67949,75319,77040,33693,99823
962,49246,60877
6130,45116
59586,60761,11902
27751
24476
63992
32878
57145
73103,79728,18380,90353,16575
2187
4496
20104
87324,20788,69351,41849
3994,44414
2829,47617,55867,52136,28253,76657,59673,25478,43460,10850,92332,75305,28781,67492,67915
60968,5405,87853,95587,97415,98076,92883,73908,5687,46521,24515,21999,83062,81252,52207,73636,12936,22195,86048,45121,54663,46280,20216,82641,75831,68385,35319,64317,95326,64983,49427,27047,52281,37171,61127,4566,19016,78694,38072,43300,54390,43824,75864,24535,75844,20942,37059,58782,88598,23255,58739,6420,7542,76751,71896,37647,62298,38023,27724,43132,31186,81505,41167,32084
53615
75804
27366
93955,46353,66087,95725
43168
19982
74779
662,45790,98000,41443,68410,52528,21468,31772,52353,10425
41489
41485
83491,12385,84270,41044,65135,55693,29978,93072,22446,3622,75013,62146,89054,45773,1684,2026,43326,24955,92218,11848,88082,21679,11940,27457,14414,40131,33046,52904,53707,99,12487,16187,19472,9356,31463,54967,30889,32907,46955,54840,33097,22182,40938,2422,49257,94137,39793,10830,70708,12686,19364,14654,88367,98128,56964,61766,64546,61029,54410,98670,73313,8843,39194,97451
40366,20401
86849
62307
56257,42008,12437,38395,43748,93125,30727
14922
42753
99707
48220,37912,66689,64878,29928,96791
59295,5760
40757,92287,39336
56781
61263,70440,87232,14918,51675,53339,15239,67352,11815,45625,33025,15498,82232,24412,25524,85440,87737,3447,27787,70886,77814,99940,55466,748,87363,16104,12079,67415,60382
5999
16928
58979,25535
68400,41176,58815,47496,36518,34240,69728,51439,59430,57731,20763,91323,56314,71807,88191,92471,66683,78712,47179,73780,32158,71178,8588,91428,24462,65657,1118,15571,98663,83337,22248,13084,81488,99017,16864,66395,28360,74439,41828,12535,32440,53862,79835,2102,95770,64960,87530,93006,15357,9373,77669,18788,14794,46852,91339,79561,51788,19645,33638,68850,15702,52441,1180,32508
24794
68109
91402
14648
79727,65592,96980,91151,10076,74323,59218,11308,25715
92695,54294
33846
32045
83787,28346,15889,57385,99252
18331
25532,46913,19981,65081
25362,12818,26127,93060,93490,50572,40046,81953,19426,65391,68005,71000,21794,71613,61199,87510,17439,61361,82964,27821,74378,9951,71810,60625,19255,6635,74549,24129,49745,6070,96350,54889,93158,16033,20579,61041
60450,79087,92806,82188,14022,30954,91383,54896,86702,56301,4974,47289,82466,65512,13278,21008,85438,97925,75289,9808,61920,82922,64020,59410,46736,24485,28076,74568,6981,8448,39666,77442,65704,58999,53413,11075,33179,7950,75816,75084,25809,29293,31745,88931,48853,76208,44883,69819,52833,27860,87630,70895,76934,94815,24877,9156,58227,32616,43578,23467,39847,39325,35055,74234
59265,47424,11271,57073,17502,31415,41491,14129,38949,26693,84977,85968,456,60242,64055,37799,46912,78991,37796,6445
37251,25389,38272,23010
14987,98537,12886,70610,71758,61779,91146,498,30163,18431,57693,63554,89791,37972,23590,92428,67299,76473,44498,44738,38905,74952,21061,97541,17592,46098,31461,64253,68069,91867,78922,24867,20665,88656,48787,9754,82497,64845,2557,78284,60738,61461,86494,49553,46127,61735,19778,15166,84378
21557,50434
26990
23046,59778,80237
44190
13872,24447
16457,88281
31953,37392,7103,44603,91393,40970,65125,18194,14294,73163,6573,44846,31670,1625,53121,96402,6914,81577,53918,72356,9654,86910,1141,90681,65781,33749,710,61096,8743,60881,77315,26730,23872,22195,22484,11390,24970,65932,30252,78092,81929,76096,53953,31627,92990,20526,46451,45361,74559,54681,79952,91909,39062,87483,16968,91606,17799,85027,39025,96459,12919,46550,90188,4747
26501,8356
32127,39028,61889,25768,15868,16994,93841,95321,22140,19542,5419,95938,70615,76084,29057,64095,5981,67602,57966,33147,71047,64643,43900,18669,2356,93771
28136,30179,68107,25518,37575,71116,59538
65645,467,45130,47527,63245,15145,15949,76243,67333,81119,27061,99761,27283,65096
16218
91851
33238
80248
33125,79085,45418,6249,19042,68344,19300,27532,54174,25305,12887,62430,68890,73305,94395,12449,42679,23399,90111,53979,9831,69215,4295,27417,72137
50601,76102,57119,84306,56257,5681,7126,77691,3860,37654,1610,30334,59514,17302,46610,99602,7049,6366,27125,82701,40580,63950,3387,73508,6742,71172,14792,85844,29613,18379,33670,82,16512,59853,30078,35386,80723,12378,39589,18614,48285,33175,4622,7023,85234,5691,78271,91603,46581,31210,77632,98224,12042,96437,94374,14257,5473,71493,7766,60081,6475,69065,23170,9619
6661,18856,54075,7663,80228
60414,29730,98660,65854,67199,17394
71076,55919,98459,47800,67801
34113,4018,12791
86701,73812,36468
69783,436,3718,50723,62497,93702,75966,25733,81514,49151,82603,17377,2622,5769,99089,8054,93936,72701,14604,86408,14421,14330,57552,28832,29082,19503,60768,2685,24507,55343,48654,69992,21624,64788,75995,38805,25681,55501,57886,9410,56511,15430,56883,93180,53707,76151,30970,92274,81276,91668,74160,64939,52500,92824,84820,41670,8565,361,23348,6257,21150,10948,98106,9535
62689
35170,17421,70127,97056,79065,97524,59021,67358
14643,85242,74790,25402,35480,61089,1299,81792,28059,7497,33060,83577,27424,53919,81187,3371,75993
28869,69555
18809
13900,78830,80784,98133,67718,46588,19483,29522,64810,34610,48351,16806,43935,23797,11212,13194,51830,36642,9993,51430,16425,1544,13254,44852,95411,24167,28486,24265,35520,71733,32208,65757,89825,94619,56297,71324,91916,78669,29992,13202,11483,88206,55622,29634,34554,28168,80191,61241,87943,30177,47257,12173,97136,51186,55301,41367,27092,94841,48898,67477,3731,27593,80400,8783
10143,80984
30875,27388,56532,19492,4297,444,7931,15853,69612,29795,7177,1442,47708,84013,33869,6385,22808,49937,18878,97848
76341
34458,95155,32502,14018,93829,95969,31266
59476
17329,64166,69012,70993,56874,70412,55505,81981,17958,48347,41639,53336,14208,32383,95415,10525,63531,66464,47452,3361,3435,27563,10251,9423,16012,19072,83848,63873,3041,62848,13671,42105
3804,9017,13259
43337,46308,35274,62017,72046,72874,57903,54556,49157,23793,48698,1009,96630,37009,75630,95671,49698,86183,47922,13229
2647
13562
94251
47511
31917
44606
25594,87056,99941,8491,71869,33560,4736,92221
6188
20590
2550
47128
59962
32067,7156,11615,93339,80592,93691,53080,54605,78600,61664,43644,29189,48551,6397,19245,73746,86806,10178,9690,8555,79158,31122,32676,1246,97260,43403,79745,70768,14177,80135,55030,60431,20031,84688,93167,40650,9247,84878,88740,50647,57915,22303,6747,94415,48296
27497,69323,2620,7994,24267,45065,36669,18734,35135,33391,52467,56274,88313,80678
29234
90267
52077
18767,34014,74176,82178,37412,15760,19188,10351,69874,50300,45118
67189
82867,79553,13714,58963,88252,77385,32941,39271,89020,3286,52542,11610,89459,3872,2339,32894,20016,49549,29957,35632,56492,56060,93494,48061,56423,67794,17423,66696,86192,31806,17834,34621,27504,58515,86374,59643,12551,31470,68932,33032,58639,69405,32917,64741,39812,13505,37218,44104,238,89271,52789,3630,86800,85517,1204,16317,36379,50725,72577,42434,61172,1012,65854,91540
52621,45492,29712,95427,3320
28674,13870,86628,48261,92239,66516,55683,51747,20267,56205,68525,96535,54898,93884,94453,52255,43927,14270,26851,87910,13828,39706,69864,24062,97411,64949,2834,24717,74045,86320,92693,85117,7478,72969,11017,7655,69196,47817,64796,85149,6882,52753,83443,44029,52342,49785,90720,4989,87799,81639,81251,41229,51590,36898,25171,87544,50598,72335,10081,78893,65885,99762,13397,54004
51117
53840,5438
47312
29951
61735,23208,43505
62003,6404,78679,71574,5730,6473,85029
28333,86077
49925,34227,27356,65901,10972
40261
34585,15419,35282
52866,67756,8636,87240,87848
69198,92429,42795,82162,72727,56253,17950,55760
90135,98461,44807,24790,74751,7594,15109,56194,99021,32878,44332,32234,44050,708,59472,59624,31556,26403,76161,18786,4706,4043
88176,36436,10183
87897,14862
33667,2068,67908,69930,75655,26304,32810,93812,82164,3715,69188,81274,55924,63991,99,3005,3509,15897,99087,63435,78229,29558,93757,19891,90231,3079,2044,7889,79185,25749,45115,47131,78956,34873,671,38648,28820,73088,75133,9195,79302,7049,61972,38928,30125,48319,31036,79387,96677,81580,43921,50329,44713,79354,55233,46812,40950,37504,55267,68900,43233,80666,82672,42908
90906,17304,93211
29410
56430
28358,44215
34006,70524
8119
83833,90385,56298,54728,69998,19907,74973,21867,67640,30558,74614,79106,20864,61744,49837,29404,58827,99267,247,95688,85597,52937,61003,36919,12913,57148,81636,23111,71706,74805,75830,34000,39204,41621,85421,90045,41403,96998,57051,38506,64,61108,64487,96839,71818,2967,56711,74278
49656
42935
80994,61137,68137,46410,27807,51909,95908,60267,70727,12413,98794,24470,97127,44576,91891,89182,75537,91641,60943
84878,17217
7028
54335,80985,76538,52790
52086
60985,86824,84182,10965,59574,38094,79942,50596,99135,43232,67911,10858,93236,15352,37837,83762,96742,48438,48472,4872,97888,1649,2608,47348,363,16438,62772,70513,29817,79533,60772,22829,71245,59218,81212,15444,23085,30358,34141,88880,73254,54410,54045,88589,44679,22525,13690,33002,65329,47095,42178,48008,97488,99765,16129,11444,24431,85197,45951,86369,64675,55320,28151,34404
14771
51923,28037
29247,3954,79911,93927,49828,53603,92585,51148,62269,42809,51432,52186,71107,60419,50393,7584
90451,88828,18444
29331
97335
32106
81219,78575,86074,1600,48291
56551
83720,22446,30677,17990,76195,99888,14045,23311,30705,88903,44573,28193,32232,59812,38702,14041,82011
42223,25667
72844,74528,15503,7371,4541,76574,62574,79203,62641,40170,58956,72248,39884,91514,89961,80072,99227,39045,11410,48421,74589,77936,38852,29259,44547,80389,6059,32807,22988,80599,46966,8680,26178,4439,47556,99768,56723,86946,74259,88285,31101,95128,23864,43832,68128
28683,26445,13002,420,50121,98676,22005,44016,93556,77231,400,50060,14319,24702,24647,61248,19895,25186,22578,35688,65605,39997,32751,51760,61503,1535,89026,91643,60256,57460,69453,44086,36550,35269,15974,84117,32058,28440,96429,50671,62181,24544,27751,72834,45091,14774,83552,40276,66845,34127,56065,77563,88517,20734,67244,91464,64273,14309,18977,20280,10638,75374,96515,51688
59886,77370,41568,47246,58902,30464,6181,56777,82213,7322,21664,26299,80455,50460,53438,64526,27657,71355,3021,11372,81584,65821,17646,43875,5180,67185,75588,27840,35004,23682,38933,27231,24707,43021,85918,76274,29733,94285,21019,91074,30925,54026,20315,76203
31765,87257,8293
50200
15853
88896
41705,67448,87947,53564,5729,22072,21267,91419,90835,47696,89002,24601,67945,39193,24047,25001,41981,33966,21122,33414,12858,96967,38000,10738,57582,88312,35993,84525,61083,73925,29625,3693,34585,92446,79068,78416,87832,37327,32203,92520,57152,29796,27816,87728,5333,6169,73786,135,17100,99064,42571,72767,48705,9057,18447,76110,9455,59462,34801,37030,95229,60594,61514,35036
38141,68577
3891
23730,60027,62354,9225,78783,54254,23771,75195,99088,42358,28344,29941,59260,4738,48343,2477,3858,43003,74552,88335,8763,24406,42166,57406,98706,68431,53836,6083,8081,15310,66079,33128,24094,67009,81537,43903,88186,73420,71627,86760,18380,75837,95774,99225,57804,75436,88861,85218,89780,83237,38131,73027,41044,80180,81025,93469
58832,47521,16554,63829,56641,51494,67633,85104,14867,43136,72231,81973,77839
79936,85504,96189,60807,24892
56354
70962,10070,75692,54421,93628,21182,90691,44800,57353,66000,57915,90384,16729,72988,97497
22012
25502,47501,72474,95898,79580,79402,44121,64539,21119,46315,18896,2712,85650,80473,51076,1449,9013,11177,71702,20349
25017,86110,87640,76306,30957,57994,20027,85791,8485,74441,51153,75747,45074,15812,75131,63108,46460,37273,34381,48113,26165,28236,27814,1267,92785,23655,16508,15117,98818,47674,32692,40389,8839,31367,24869,80322,5841,42545,79003,83360,51255,22252,33698,22229,66205,29264,63065,65570,93988,37035,96127,40072,68069,66162,81782,46911,79243,35534,49130,49967,70446,61835,7825,80907
75802,10455,96184,66072,8497,49140,83612,27983,93298,41840,22619,35645,52481,68813,92786,19489,96023,52770,12788,92647,34900,62059,69815,1340,22156,68646,32477,933,2329,82645,15352,10042,56233,11893,65309,54410,64891,49160,77836,64476,41528,1537,27349,13143,1558,27317,20663,7674,31239,50657,17820,27311,2014,5040,15744,45292,66610,78834,62959,61685,93569,25564,79817,93688
56776,84056,13755,87879,56407,22153,6159,71993,43088,31000,39026,99102,42781,7877,27982,14536,68583,80040,84095,63288,76852,41729,62775
10697
53835
55747
3108
54831,72294,36759,54498,28607,27074,12949,32784,80320
93561,63563,62436,61382,47591,42303,62092,78440,41374
56589,47018,28551,29031,7877,43985,71246,68559,98567,3994,76066,79503,43643,28298,35710,68256,86217,64273,51419,65263,7059,60813,4214,95911,88921,50834,37408,73232,63758,70545,51558,23626,7325,28330,52900,42402,50637,27770,93787,36674,84616,39096,44359,60387,26313,21989
37919,80429,14460,43754,67212,70625,43441,8144,1590,46997,81005,2821,88748,67591,805,34371,22050,94926,55478,32412,27805,56381,509,25739,16541,62011,66923,46704,14003,37063,84290,20369,16336,11152,81672,11988,58162,99905,64181,41231,20682,192,15556,95293,14360,1998
81608,41859,35699,71748,52303
91460
46760
71289,87887
46363,28428
97445
22679,3931,57815,98690,8643,84940
83044,92893,42156,25477,51214,14245,84285,66332,48333,51586,71212,52317,83981,92462,94979,62008,74255,31106,3811,40007,87171,13349,54571,19231,42927,14335,73475,81029,75836,70488,23515,53035,10478,37437,50582,66850,9680,81291,45890,88124,52748,54702,69259,81989,15762,51131,2995,47453,81352,86544,28352,38637,55156,39591,17808,30491,40406,51870,92074,54485,38712,66046,77306,43050
48927
21783
86479
86685,17491,34600,27195,92295,6522,20735
31491,56006,24898,53662,74723,82865,9906,13885,9519,90994,65210,53143,79092,58611,23545,51017
70321
3602
60634,49709,6950,26355,44853,34269,29006,64910,40436,49770,79832,9321,35990,7304,92733,18565,81987,19088,32405,60830,83138,17781,21312,88172,32196,20976,74353,9113,86697,87575,85652,29533,11421,42542,33458,95903,63170,94437,75088,71492,11184,6893,4649,59334,20171,98908,13266,94692,66764,10600,5845,39597,33896,31553,52856,12972,12945,69480,99031,27385,93193,34486,33589,9035
42333,49797,66377,15816,18869,43209,6964,14334,62908,95385,57296,14498,99100,52189,71685
19698,57844,7636,62574,20231,90952,5477,65263
13939
68712
49348
96749,65182,37200
8734,59576,44102,5251,58125,20999,23422,895,37208,21827,7183,43429,22013,13415,46675,6324,99045,47096,99627,88136,97963,54273
42309,71989,8068,84020,32357
741,23771,24232,1412
66858
9523
84670
45319,71824,33966
13199,18035
64588
71610
26753
35711,94506
85187
41304,24097,30135,53839,56678,18414,6583,49530,79746,15246,40835,16158,24213,61222,28619,26378,99567,17236,18928,92977,55021,4300,42496,56515,25319,54826,64852,25061,81240,45277,96347,8773,32423,72127,89492,22169,98026,19338,41612,31488,42432,90237,73255,79647,25400,94690,43554,65196,69772,66292,60180,48003,64764
90519,38977,51088,18007
35506,77205
64038
21114
54614,81196,12402,6194,39272,65655,31332,82104,84684
53252
37884,4171,82156,89529,44239,51647,75350,69537,13528,67231,92465,75069
48056
52316,25980,66076,24149,34186,26507,33532,36672,8297,71752,44099,94961,18088,66904,17918,54717,49088,44860,65471,82820,31672,84966,18485,29304,31067,95342,11857,39511,42444,80008,48590,96682,74032,70366,75292,16155,44905,58614,20847,11877,13576,78914,65688,28131,73721,69522,81650,91009,88224,18101,76926,39286,40312,64712,60219,41966,99949,17482,9691,2907,81424,40660,43734,64921
43540
57398
5845
15624
93204,45069,16738,36947,33479,27420
29361
72927,10676,30965
46795,54014,88051,92323,29741,53928,2235,61702,15290,7324,67172,17813,47738,10095,74567,76482,57481,83592,43680,18645,15133,21927,20030,32321,21434,59108,14836,62180,33410,68676,51292,90520,43988,29504,58912,65876,43924,55972,47087,30584,31356,90742,67534,9548,96208,71200,5016,72788,58962,91533,48937,51858,31471,32162,61792,82774,89067,77081,60977,50032,33960,76786,31814,26787
86787,58951,35422,86519,96269,31798,52142,48355,70165,95105,54853,79821,59560,88704,40459,38525,42242,99651,61144,15256,4089,51877,80570,47927,56021,79844,51634,90862
63794,73114,78147,62682,5006,42743,14148,51033,14316,50930,34384,2036,12487,50305,7881,85597,75870,70928,17211,79571,63469,39048,41,52897
79591
3348,5263
38300
51157
47442,42620,25521,5986,3124,9881,69041,78598,43509,7741,41568,98565,24998,49111
53783
32994,43803,47174,47398,71768,58087,5340,632,41069,90770
3689
7108,67926,45092,23063,20737,66501,52378,63823,28023,52637,86001,31658,39636,16374,63876,3251,24888,71306,1940,98909,40415,39870,53649,63918,45955,88425,96202,20035,70684,30091,99567,25331,29506,71424,78906,12858,55556,34567,61176,55673,98586,93367,65399,67942,89882,18349,72575,77208,12738,88131,69943,34713,48432,48960,91880,96925,80684,65221,10413,91483,13391,16680,6961,94775
49324
23597,8077,41199,72368,99457,55236,60713,83589,90184,27979,99190,51914,93014,11748,9742,88461,67257,17500,89493,10236,68230,20505,7059,80623,84740,10581,9313,61443,2870,74618,91566,75108,23068,19006,68060,6162,53770,44881,74460,20248,76233,69927,23871,35669,6601,44935,26060,11348,55991,56755,8594,18552,8260,67899,33803,7116,19153,97590,25575,68453,46844,18173,30738,1409
74699,33446,49924,15281,82422,21841
56628
87275,71320
60321,88804,17645,96356,55666,40986,25578,74493,97621,69011,3275,46909,73232,39744,77300,70729,6716,55797,17187,48652,38431,80690,86816,46147,53700,62609,65531,63537,78302,98198,82813,13471,47628,46129,50879,52846,71801
42101,26334,45759,85449,31143,2078
97629,19577,60285,80020,27446,34026,28049,14983,15294,18675,45805,53076,1598,84618,67591,7065,84272,3048,56053,46517,50214,95619,92707,27901,57966,95918,72886,88769,43482,28313,51066,81695,92882,68587,70653,51182,31960,42292,49771,81551,55535,79308,2736,75694,50707,99826,47172,47851,12747,80693,70153,86248,9274,21160,87698,4206,50820,40475,93943,85674,89672,28910
58751,70001,96747,734,97703,35536
12827,61552
78155,12975,4077,89661,93371,15627,90407,90980,99743,21639,57879,99428,90265
60475,19712
8434
25917,6527,19526,7492
76223
58989,51789
80958
41081
40296
20692,44484
17451,58929,99746,53304,29903,68806,82001,47179,25032,71386,18727,99732,31781,35030,72694,1221,20286,12562,39106,55351,17961
34426
77220
93999,1427,62745,2568,52036,87947,79804,23272,25859,78352,81974,28090,306,44446,61968
44375,93476,81360,78786,2028,85364,75525,39695,58955,82424,90623,55083,4134,61854,68002,5891,81731,20155,89047,55096,32213,5880,1786,74145,37716,84006,23052,92037,94158,10176,64694,93972,32309,6762,87549,47406,2707,84025,67886,7031,25867,1823,95488,2494,79586,51127,58273,81160,89497,12742,1787,12461,68251,56855,8388,23429,53724,73022,34340,94964,99225,76604,45426,87718
72790,51959
44378,83232,55707,18290,99982,6834
69501,65595
58617,5195,49260,89249,23953,69156,85876,95221,51614,31388,69962,48616,62709,74169,71029,24278,75580,54185,93077,65947,89181,97881,99451,74471,59730,11813,38612,47533,78053,58877,43913,14662,71581,43197,3614,28400,87946,11882,40614,51204,8374,16563,94028,59054,21034,16969,42573,72360,73040,19524,72563,89629,22633,2620,95889,52200,77646,32010,29917,22507,21702,47160,10578,84202
51123
91528,50219
30325
51491
15424
82410
72014,14715,58200
53799
20101,12208,76030
26404
51893
24771,65340
4898
35934,54706,43910,61239,18034,44180
75652
33360
15701,84775
77831,68041
79801,77882,74660,50943,1942,59708,27313,77330,46834,90528,59555,55053,91923,47506,37560,37151,87503,75628,16343
49249,37128,64670,5228,71413,74249,22658,15065,62754,25702,94158,77524,95502,53472,93849,1397,28993,223,67756,51066,28767,30495,64376,18031,51456,61360,23998,22843,35423,59221,25439,37926,54344,18674,56893,13810,14253,23686,28651,2983,96161,30813,80462,90196,80064,83137,10007,37200,74619,57583,565,56736,80452,82874,38389,23629,30955,29639,34658,30178,45720,4087,27520,31469
15334,87792,67549,91199,56158,10963,90462,45806,68443,38135,49428,48936,28470,55472,73373,2025,13091,84225,56964,97367,60467,65341,89902,66045,32962,52798,23561,33427,68028,14897,67198,58406,30838,4494,70463,82451,73008,42091,65354,41475,35826,32717,21085,96936,66622,17491,86504,15130,59368,16553,36123,65853,99913,99190,89557,23547,9350,90562,92315,27861,1917,64790,7609,4049
93715
49565
11205,65457,36919
53632,89887,23783,64650,82850,42378,97014,44831,45920,88420,63592,86871,79042,71237,24149,39884,86445,61603,28020,32735,77583,17818,11210,76511,28838,76542,53362,99782,52492,86749,85043,21198,99613,74580,10721,603,27139,1624,35760,99637,47892,2390,49391,21910,85620,9056,77056,44597,1885,67314,45502,77156,61808,78726,46040,793,13064,45890,39747,79437,41165,86019,18771
38487,75631,12409,32140
75186
58899,77807,51573,85919,87743,97456,12201,59119,11426,22889,30032,64615,43121,86474,29854,61723,76319,98031,24526,73361
8477,54343,41380
95855,77338,92726,85057
41067
73335,3046,55789,4730,72419,96673,68139,83994,23436,99391,55076,67445,77061,63959,31712,61143,65397,85734,48148,50180,50316,11442,9005,2043,66622,41886,86569,70224,14143,10007,36610,92095,4866,18740,2963,41366,98966,68372,49347,14439,35552,52454,27487,70506,98002,20594,25225,12623,72571,46172,28376,21918,7049,47616,68328,23503,163,47332,67575,34500,25037,15429,74611,86157
76975,51819,72411,39692,2448,36758,70374,64734,99015,99750,24262,956,27424,87614,81353,9875,16039,56353,66059,98234,75503,21185,3716,63362,55376,92176,57588,50124,30344,8626,87635,82607,16275,70389,36419,43703,84867,84203,19064,30761,82138,91700,7906,83360,48923,59031,7533,68036,67791,66271,79060,94606,84986,74479,98127,67455,67202,54206,76906,7137,50576,42532,91274,7256
64376,18433,88356,85186,23545
87171
49674
97105,72982
3446,20272,40360
21134,13243,97805,86907
43461,21502,18181,91578,33146,1259,39738,45434,62309,33869,92302,64354,98659,36702
65170
36534,69992
74569,32183
93768,85716,89450,21780,71785,10638,10551,97326,15290,86414,43080,30364,7349,67517,72133,46702,80995,32313,55168,28677,58223,13602,47617
54932,55654,44660,64357,51219,28323,21535,64772,93862,75319,63859,92154,89960,50647,10927,63429,62285,27735,84947,86996,33092,47686,19514,17835,26502,36579,27293,15163,44720,62357,32596,53355,27127,70386,64851,96007,5303,85314,34036,6604,68975,17172,17585,97966,22093,54716,20066,12399,92,1604,47377,43400,3895,34959,27294,57132,99481,69164,91840,19222,21507,75081,31000,84877
46370,20082,84442,55046,80265,45224,12624
68104,12445,66329,41673,79153,87010,40737,88209,11090,10736,99354,57430,45071,15567,28900,68613,82172,91644,40773,45477,16329,8308,43785,57925,10431,40852,64156,81090,93849,34034,39173,87490,69327,27370,68514,15751,44904,30648,99265,3491,85677,28124,3622,66012,67804,14228,3832,11136,40887,13238,70305,7755,78892,87464,71685,94412,93924,4656,34196,76007,33964,73715,77430,99691
32987
34787
2427,28551,28053,45308,42118,85658,77379
72860,521,47162,72960,24456,42485,72702,79454,85453,42981,39995,38271,66859,41955,40021,16827,47849,23729,52491,88867,77573,47805,97751,98023,44437,76351,34231,87865,37359,25828,13389,84264,29694,81332,8644,50088,42789,43882,16735,7386,34641,47023,79358,46245,24593,26249,61190,43566,90119,43977,56693,6390,19379,85017,34476,42101,59037,5785,50661,34618,14862,41834,44680,18632
54307,74618,26733,96654,61245,77309,7016,76747,33661,71015,80428,25040,25928
5951,60518,77404,41003,16098,31646,40284,91614
12402,34326
63806
23667,88474,90931,38011,74595,75592,68180,18648,4953,34722,13120,29232,63834,58880,20943,1771,22564,45480,77914,36514,28592,55135,7158,22545,3643,52562,44318,58255,61713,39512,86889,91825,11080,92013,19667,24841,52980,2940,36411,19459,48254,81469,92413,21218,54489,47442,41512,63270,98944,40524,6521,91597,93212,32237,50166,86259,50376,48120,92197,82881,50732,16150,43841,67646
27249,53728,65882,8502,56965,73756,21434,54842
70942,4428,64409,25974,39733,64800,440,1679,44658,94977,605,78879,7499,48893,43061,46809,8192,75354,27566,77105,65549,55129,30861,65227,99765,92313,91631,21970,58531,39780,96695,95009,86802,16273,31890,71128,74960,35029,13683,13691,68455,45417,49108,81537,1682,75453,27423,93121,95539,50214,31583,23318,18145,99921,18753,44656,47921,67918,84265,55800,75800,56669,43685,15775
20872,43242,4606,31636,46263,47264,81478,96766,72968,7953,40860,72991,59470,45778
43625,40596
57902,17878
51751,20586,68097
86475
50771
38758
94062,65969,42803,2878,1591,22148,23637,72140,50061,99996,54057,90312,55239,35818,71455,44943,27465,47323,66491,37556,70403,98072,41128,29523,40217,83827,17892,97368,41399,84162,78682,78358,90898,18485,59361,9900,29937,4058,68229,60773,74015,17622,33221,67634,82655,88568,7369,40253,1075,81852,12297
82215,15600,1537,87893,43881,42498,64674,27493,69080
42907
27266
39484,614,30146,59145,13790,11855,65592,42823,13660,74784,77543,3476,20169,37034,73137,7403,80559,31944,12532,86338,8674,12957,94958,51957,46305,68736,63024,61356,2326,55174,27871,80767,50540,12377,88622,28428,27144,93628,77519,85952,66221,91049,11527,59998,29337,39842,23786,20503,44253,91829,63534,34935,43342,52983,24453,52121,69588,24317,58447,70837,51931,29196,55442,79324
22190
57468,68043
32149
38750,88886,36347,59823,14973,92598,59684,76037,60267,35549,34030,70121,85985,12764,84546,83001,10905,10816,69504,84281,39383,64064,99972,32280,22502,99162,28052,47259,44211,52323,26871,67903,69200,20056,48091,5736,22088,98722,50637,62273,88879,71374,79240,71205,49883,63257
28849,89042,17988,88410
87839,14228,71017,98967,57216,34034,87944
51256
12169,24927,68249
45537
21671
79904,12057,21906,46561,3952
38739
90996,94118,87196,32398,6487,81491,37332,74883,11916,66793,58639,92040,10193,40792,98995,38967,65804,16094,72841,27576,57222,87978,66105,47438,19005,34135,84928,21611,65630,48496,32087,71667,36214,28669,52925,75772,86414,62979,66199,78757,26924,25091,48398,63103,64600,15373,78061,36380,87729,72436,98295
63167
52750
18786
39866,85835,38203,5335,24513,59522,62911,98383,93386,53151,55451,80067,4864,59518,47400,78309,80036,65560,65728,69113,58014,22781,28452,74182,61837,23791,87786,98065,62608,22778,93828,23668,43246,85868,52068,24298,8010,36090,67209,71464,22294,15875,70145,15907,6425,48636,57091,24369,21122,23566,34282,923,1175,37045,1990,31825,58091,3115,61783,62123,57333,62666,80924,7080
16882
31704,68812,87281,91867,58217,41011,41197,5982,46510,51285,20828,76795,81188,30202,91401,10710,91067,76808,22393,65017,31074,79974,16062,24491,30720,19968,33280,60259,63311,55393,18964,20244,91940,25133,10310,45399,687,34265,85495,26739,70377,48981,35536,66158,59550,31823,22354,91682,16839,95950,47115,99675,35319,56551,61523,33870,21815,52034,66293,26142,76686,63888,16663,93865
4385
65373
43959,65381,77403,68720,65078,84089,70188,81375
40284,20282,23494,61211,53178,7715,20436,96756,72623,75498,19696,6422,29126,85688,50654,78463,48671,49019,60085,95893,43744,59576,91948,37231,83994,53505,87912,46781,62952,32328,63501,32625,60920,78877,43488
42923,32210,73047
59200,51644,2553,11010
745,85025,85165,6792,4642,78144,52480,30892,61499,23646,19817,36748,89573,76715,19009,56172,88452,95162,76299,12886,24074,21861,15074,17532,31623,55551,39795,42082,24578,15103,99890,59900,22965,80999,83064,96678,15911,63997,98025,80667,22552,89304,42169,48892,55856,77140,12028,53925,81682,54850,27468,5628,54927,70335,54963,97936,60264,50823,5548,55860,16862,72474,16119,90670
30205
43398,14491,21070,92193,28369,51295,98140,62358,4164,35749,38685,27624,24118,50318,37704,29432,41298,34364,22874,45275,94231,50573,59756,98432,61361,22332,39847,48798,47478,14951,10583,35000,91427,71731,84172,17446,41427,58135,43432,41670,35979,5158,85723,93308,8084,41360,51783,78393,98675,41631,74893,93736,83030,29047,81749,41223,1752,75887,83541,34367,45093,36436,11702,99483
2261,55562,1492
68938
90085,64346
60617,82793
97424
86183
23142,56326,81881,29455
67520
2280
87734,61440,74312,82547,21878,45054,85865,16470,82247,28808,57551,50999,68649,83668,34898,17175,42283,61215,75044,75337,33996,93605,8316,11670,2477,92640,18012,60147,81296,76670,94885
5377
40707,50615,69615,62263,55995,30683,10647,43165,25966,55430,79713,55255,58304,4186,64465,43948,12369,21382,78075,91670,50772,97658,18004,29964,93007,17518,65938,21950,33118,47775,35999
87451,97279,50004,52522,5539,23420,3988,85665,22739,34063,84277,71329,62148,3847,56296,56089,31897,74493,92943,25903,33118,32233,83495,7777,89591,77504,48333,58352,89429,76984
27680,5040
65844
14580,8796,98230
47393
65085,21733,10169,6276,35436,372,42006,32475,52683,58953,30843,45523,7809,30177,97820,99120
48581
93953
50130
12565,86791,41511
61243,64885,30803,73349,50131,36637,29791,74628,24934,12415,88175,33181,64103,71644,83834,62568,70794,83721,94337,4685,74326,17439,89128,4849,24677,19211,60342,428,1702,50421,97167,52831,44593,65789,55181,38491,58855,320,24449,67389,34155,5429,12444,86617,32958,2265,72881,53048,45139,89492,31372,57249,74490,60842,20797,68161,74340,12241,16545,67493,11898
88036
10956
97423,67152,44305,26839,34450
74852
75331,20866,54287,99294,25730,69341
17215
83409,17023,29762,45918,37066
17012
64099,1971
98353,5208,33386,92989,15508,7296,74392,7318,89960
45119
86934
24510,14113,96270
76218,91099,31989,40474,57722,44873,24266,37511,60876,3786,33594,29284,7032,12267,49568,10237,34490,56086,87385,9876,43464,10293,42857,48051,79927,44228,93552,13763,5315,444,35674,19297,9158,23589,97499,80025,1857,91544,20525,40594,32763,40503,76073,71248,59404,62692,72753,18414,39567,10769,70417,43761,63728,56483,27363,13870,97295,29327,10956,30594,90242,26130,98679,46076
86182
65307
4393
50939
41693
20145,54999,10294,69830,82187,9254,47930,65513,6213,38933,25812,3925,80404,44467,75173,58708,87582,99701,60209,35217,42291,82541,42663,51974,19400,99007,65080,33021,58507,40114,15486,87475,88567,83490,36847,25640,4973,73154,32788,89222,86986,12818,91696,14028,49040,47393,95634,65731,87525,59580,82523
85212,85971
41162,38187
98483,75647,91731,57734,92903,71969
74257
17778
56689
73140
76100
95760,32694,30266
96948,98617,17988,37837,94809,19972,78317,11228,17831,78496,60747,55483,85659,30713,50330,60845,73987,33210,63364,44836,54196,86267,39365,66817,94200,76240,98873,58349,28195,99140,64458,24141,31719,26229,83361,9255,73991,55402,7347,61336,75315,72596,52851,33544,16384,1225,35955,63223,3765,99870,58595,29455,96211,18393,95760,28176,37973,42541,99484,25091,97288,34696,28518,63821
69375,34503
13406
39606
54042,4003,7865,91795,3586,40689,76390,32814,49477,8648,79444,63418,85166,86383,35080,4115,34635,14527,53330,14639,92191,60228,25303,92123,76969,43777,14650,34380,58401,76584,26192,74257,28283,24675,44702,16082,40465,35781,28004,77561,33173,69507,72029,66586,26933,82943,23655,27713,87499,33968,69702,4233,61433,86875,70871
58243,84903
29812,37678,6941
69838,72341
75138,74874,12738
66618,76333,20378
47648,91322,41481,75316,53035
65776,62651
65095
77938,90436,29566,92831,62786,59564,32773,41667,65163,36373,28728,81908,41543
64461
3118,7726,84818,14218,79581,90019,48140,88450,42723,95184,23711,42785,38891,78406,4371,82823
2343
31570,59607,14533,49012,99703
82321
3021,59176,59734,6822,65021
52100,68179,29750
25563
73596,72158
16171
21640,58636,82904,20179,21911,80778,69671,90229,78342,95328,18894,27194,23798,5543,77911,66176,8599,19813,19076
40293
45553,28899,93019,21276,56188,43798,38768,82579,97838,587,46371,11915,43373,61703,41164,30909,31218,29987,32569,37399,68784,9600,4083,51674,68182,25871,20120,62476,38421,73607,14654,12111,55275,39249,72935,50613,35465,15967,16341,75585,22650,50245,81812,89784,26765,10961,77471,68728,33120,59357,18873,70068,72731,29937,46854,33407,3127,12731,95995,45603,14775,4427,35341,98283
38479
99947,48943,76396
78545,2816,609
92248,93248
13262
64599,92374,95065,29637,81739,64633,92784,14672,60100,2449,35731,1140,44291,81109,65803,31687,42693,36744,73168,26621,9184,50673,82999,47714,20419,4606,94395,76073,15554,7393,12916,37653,81188,15987,81871,188,73876,28241,96054,47585,27054,24292,82665,40300,35204,73567,53740,66384,44560,6400,585,3910,57446,51362,74751,89464,17455,95729,93166,61594,53040,17666,17824
1866,64595,43314,19192
13384,6353,64096,68532,63164,11069,4135,10621,75160,73995
29483,5520,31973,80977,14341,79615,46333,14139,93390
51838,67155,9662,37164,63257,64535
6293,60428,94449
78639
20773
91261
68290,5694,12829,92126,20959,9676,45095,52561,57310,65887,99887,75924,2592,8857,31,39523,35037,93355,36616,3065,88384,26027,91259,77445,88053,81972,14318,62618,41210,62878,74589,50096,31261,91634,66324,88555,23714,83826,32342,46049,86043,35472,25051,91555,96433,31108,30626,22767,2352,55288,25490,84909,17120,63527,50683,61193,11271,46655,62605,34094,87490,52953,36252,3082
16849,47659,40002,87152,78597,15897,59149
45441,10114,66591
53719,8745,46809,73167,32711,35689,11016,20434,98112,62080,17604,48275,19274,44274,14558,61880,57019,63344,44367,28598,24955,21514,42942,45146,67352,5243,28170,85263,91525,93091,30634,13713,19818,13187,95457,88339,81056,72980,34314,47569,84144,81437,51881,83757,34675,41350,83961,37642,75217,45329,29787,21883,60668,47966,36939,74316,105,9219,96182,66353,54963,1473,59843,43480
59989,4100,55064,57787,29005,5451,97158,70939,62167,76709,67092
13439,45479,88867,28786,97221,6434,33072,35023,61742,17609,22914,66209,28463,87901,87020,30275,55995,33288,34487,67037,29312,14927,25911,92944,25932,36385,62882,10120,26846,17468,92437,93275,75574,24712,61642,66227,86938,15616,73626,19410,56869,87924,6207,14803,81313,1875,68513,50123,34660,86273,84896,32599,442,12816,10736,98224,59689,67674,23090,85069,72267,75214,46824,69824
54405
38456,59449,32434,95285,71696,73899,71672,44834,95059,20786,56866,6941,29462,57455,48953,94117,61371,41147,42673,61159,79114,27653,58461,57472,943,91278,56984,24207,63361,67782,91527,3407,41372,18015,57447,50161
47500,98203,53166,41101,6730
28961,89729,45167
91042,53263,54806,42987,55656,6668,5755,47577,59795,55087,42915,29402,70905,60471,4712,45238,71089,78418,28689,92498,65171,43767,62713,87153,22684,15036,44045,8392,83564,97045,60559,97985,6873,63255,44291,27736,31177,54518,64165,16401,61457,92655,1039,87836,60770,34222,73485,61779,76873,8128,5897,64202,30366,23827,42127,72522,17977,97320,42073,15058,7113,85727,11321,41896
66870
51310,26257,10792,71141,49029,4810,18120,56270,16838,39145,12452,79697,63041,78395,5245,37556,26761,62272,82150,22755,76974,58041,82406,8126,99093,43460,28008,18272,98492,88339,13119,44490,73354,59077,18903,36038,36814,28874,96071,20292,70661,91188,79482,79947,15881,13326,78292,74673,74190,41853,52344,1539,29103,52837,12572,13004,4521,20993,99288,69604,94826,25714,59885,89189
35203
65717,69284,83229,96948
61519,58253,86885,68453,36168,63014,54914,22875,51589,62357,90379
58047,16491,98765
57806,28710
75443
38470,37005,83944,86759,52393,37301,86328,17331,74720,58405,85406,42057,83203,1519,75827,6983,64240,19527,96347,76933
10461
89204
25194
54564
8527
10556
24131,53442,54290,85561,16514,74948,588,29110,17501,12389,58453,90069,66698,85409,59144,5371,34599,82368,4420,9721,83381,6328,95945,75860,66512,53631,8934,41455,80776,90387,44698,83931,77660,5762,62018,61609,54288,77227,88950,55049,32039,98301,96363,68605,64064,10414,40161,19829,51489,82625,22453,99676,12953,9834,97448,10033,73519,76339,33011,6435,30848,6856,67224,88882
99709,80045,77464,88157,76988,65051,99626
32253,41276
90632
31102,29872,15208,27551,59364,88640,13626,68082,76634,89568,75005,15590,48891,95230,90842,61274,96319,66804,6489,91406,16814,38075,23810,71958,2998,64034,86439,78776,30699,89695,36204,68006,50667,6764,293,18314,93466,95398,41010,96866,4945,96742,23091,3679,75787,38245,29233,75968,33306,75289,19524,8590,32492,60949,22498,14287,74915,49321,43146,23968,1769,5316,68150,8002
24693,91090,34397,74465,34332,93183,82187,46999,68441,41329,94441,35841,83646,61631,64369,35156,83288,74628,81529
80132
15760,87585,84185
24280,98166,52702,32191,22344,36472,3755,69071,70783,66778,54898,36274
72393,87139,8762,38288,99553,86197,99435,18329,46500,13035,86606,51882,24357,9032,73757,81185,87923,97138,81467,78632,81178,99870,46303,75858,81999,11628,69071,33883,13245,17036,11418,89775,77192,10214,62547,66043,51938,60611,90727,51885,65959,57110,39615,89086,41393,79995,60525,68496,76028,73594,56435,61549,50876,33913,72690,87888,70527,77217,83035,36736,6255,33757,75495,81572
51376
77859,7469,64413,67901
50784,71654,49147
52363,60397
79380,24870,30025,41884,20190,33422
35073,31424,41005,50478,69594,30294,84552
47943,72092,11480,17398,45356,36622,49612,15841,47361,68673,72846,24817,34443,52539,51798,79183,39029,67094,88376,29837,82298,33287,33439,65337,62179,54947,23122,9639,90895,87400,88667,51261,88454,47336,7550,19844,27260,37699,93906,33282,61262,27073,64328,56741,15043,46227,10539,88920,70413,94135,87562,21947,70723,10010,96060,78534,68048,99487,84691,86360,10012,2369,96111,25126
42640,4334,62307,82078,84175,58141,66133,51372,44614,55445,93590,25245,47019,60164,57015,3066,28733,64601,69410,73444,99137,67303,57967,33212,37042,82627,46870,71555,12412,12829,21547,19514,60699,63711,55790,28941,57667,11943,47284,15497,7674,16561,11113,47779,54582,60739,43971,17640,2088,71250,98275,28101,20470,31156,21439,22350,49454,78521,71230,95982,35736,49250,38031,4203
38849
26057,47872,15805
74166,84277
96082,8485
11763,96648,84822,58851,32153,51774,53565,84735,52940,2754,69959,77716,29807,11660,14220,84078,44754,52918,96062,6113,20594,83325,54014,2731,70289,13837,78215,79783
82441,46487,26782,88139,55877,63543,13652,62353,58009,29223,76686,13368,71938,96118
56726
10479
55331,52901,55219,27257,62609,26414,55787,59459,64588,79794,88254,77718,79587,86881,24247,29290,53305,46575,70213,933,13898,74686,82197,30234,31094,56149,47712,16930,50046,81940,72955,81728,64382,87746,24982,4593,11404,99246,64052,24778,85410,30943,59728,24933,9489,26753,22817,55266,2069,23981,56777,39377,63594,65561,96538,83603,22822,69274,62724,59432,79898,14773,37518,81612
89217
3727
47147
26419,16795,5705,53805,66743,53126,36837,77131,65205,90843,34703
23897,45574
50687
45796,83241
4558
52777,43023,21086,64107,80134,54605,8495,7528,42163,66806,31351,30886,86011,1443,7973,15559,98360,49756,15828,31040,96942,69438,22369,24065,7495,77280,13740,28648,34837
62086,60632,79922,29727,38555,38863,4680,73758,53545,47568,99541,17884,96900,68037,22102,67852,75570,36247,34495,83519,16027,1334,66592,90655,50087,13497,53923,25188,82740,61211,33654
62456,66710
67874,36619,57063
4272
40355,37801
53467
95004,95354
48326
64614,10823,48226,68783,68280,96338,46624,90795,97872,57196,9147,37628,76472,58068,93632,81593,6322,86124,35737,81885,50778,45548,7244,11885,59530,56917,55491,15643,50994,6095,14413,49867,61696,65538,98195,85415,37978,78284,9564,85724,38664,76007,97064,70324,92025,1013,17055,62610,54059,12048,71837,5866,99077,15641,44547,82330,51404,74385,70365,94878,46395,97898,51676,89329
73264,13292,64363,87839,12837,83864,10544,87109,78891,15168,72647,11679,56803,92381,20596,17382,42288,36862,4847,45598,25955,12444
27603
2063,91504,99410
36762,87666
46135
91234,17313,28456,73983,22010,82354,42587,40390,45332,79787,559,75069,77926,82115,99667,78226,52869,46612,38826,82716,39275,57264,9607,31732,26616,43502,50213,71650,43185,15033,54504,5468,84907,77057,22524,26324,2766,36441,3822,93635,13417,65938,57048,23686,80819,10887,88681,74035,63511,87966,40314,28164,15451,92437,40142,82939,33241,95500,87003,30804,48672,79399,22619,2368
28880,59059
13647,33339
91859,7507
5034
42385,1284,2781,18299,10225,81088,12270,52347,70529,62584,65387,35773,88885,6867,10731,85616,6835,19189,17317,3305,11700,57270,66120,8329,94239,9576,68701,80038,52078,49161,10905,24151,85059,34862,3444,72924,68366,6635,5107,11648,5090,61626,13262,60697,17614,97247,72592,37455,42871,6507,5488,53754,2275,63835,38243,13960,53569,55286,74630,19776,54738,84473,26999,83516
72335
42963,88319,96675,23685,97978,241,12925,4317,36771,93699,60032,61658,8483,51612,38265,47942,26117,20156,95205,55842,41158,7380,76267,47258,38670,66695,13181,53320
86316,46398,41,22992,5594,50019,36438,13242,68690,17661,34170,98771,6631,24770,31784,50873,24498,97003,541,94806,53480,3828,11664,10305,28749,33306,64119,31120,72512,29379,26345,27536,32919,83774,24691,27326,95689,65375,19052,86818,18318,16211,44503,69128,18930,75334,15671,78176,9588,46443,64017,26558,61208,68865,65016,39689,77330,73167,32636,73342,91843,81671,73321,76652
80471
28912,72096,19942,35845,93453,28303,84363,42252,20986,9703,54822,45128,51134,4314,26812,394,30249,93150,15231,68934,578,56185,92094,34110,19716,57054,27894,89158,84900,65238,63904,60248,73529,46020,96975,34570,893,69855,66223,98099,39532,42476,56200,39220,78486,42811,78363,42554,22510,99063,52648,70678,59127,35918,97214,37150,99310,43080,2264,3671,97366,52782,38764,81138
61715,66057,68545
19842
8826,72804,2180,71946,12993,26254,70776,62288,78154,61095,4784,83979,21574,13607,87854,19484,53607,48597,76951
4414,10669,41559,47326,78822,60573,14871,97889,45995,96460,98977,5167,50592,42203,49832,30994,55879,49220,18600,28851,14716,84360,67736,38753,39577,7910,28990,92443,3139,14612,84605,52033,3232,48977,74999,34507
38199
63132,59869,90292,24768,27607,15540,66492,53339,34695,69562,37669,19549,53985,43636,40540,44465,91421,21598,27581,56505,4670,14593,56634,50975,65282,11343,85388,48554,15502,31160,22745,45225,46938,43375,46101,90794,95915,48994,96303,81850,81996,22565,43843,35208,9645,7509,62243,42075,82573,66870,8517,83817,49610,56592,96569,64007,2228,17726,42635,3720,16747,79169,14279,16703
50468
9117,25568,93757,63147,96353,35425,61626,23856,37864,17465,83324,18404,20472,46381,42939,31384,35702,29502,91270,58037,91978,98682,65089,82567,11074,94942,48219
71344,24533
9550,88492
44945
13840,65848,5431,45047,70443,72042,45329,36996,83837,18473,7463,15684,80108,46990,3733,16877,2807,81443,46132,6806,22129,61646,59372,81929,2581,6940,3538,39406,72715,66301,21016,65724,65642,19139,74992,42229,5933,39058,76976,69621,26842,75690,38954,46024,8664,99707,83863,19493,56073,78036,50467,21080,96856,26881,33450,37162,89078,50001,71969,90122,92853,85643,90781,94823
99103
64309,13167,11331,79602,31614,80450,93474,64437,76430,27886,43454,96515,81686,20442,93633,49958
84387,52149,60389
16183
33866
72253
84240
8886,7686,69310,44709,84862,6822,34939,3544,70942,85786,15677,32397,84595,4143,95204,88699,15269,13893,69186,1009,50583,6591,53150,35020,70649,88071,48874,64177,60033,98493,23090,23893,37851,73670,86524,27807,10990,60865,59758,37477,18428,84988,84654,74753,57904,26142,40305,6843,24982,45044,43684,8037,95762,26824,50921,46525,46949,84503,74628,86764,37905,26515,42742,56149
33695
46006,15092
58384
71381,52716,87303,99568,90560,9297,88081,33370,45178,41198,28406,87723,63793,96697,95471,41976,72705,50236,49485,73964,68881
91175,77254,62214,91927,10238,76322,39228,43319,78168,27360,88364,49988,34900,32818,42092,94277,10264,50797,83501,47206,56602,34819,13621,63941,91996,52005,43204,12905,94473,86921,90196,35901,62530,43258,23465,20566,38385,55340,12200,70206,45776,88117,27879
5160
31205,97334
32200,70382,84330,28430,64260,20447,36221,29609,67239,87573,25238,29139,82095,46282,51306,70574,13758
87199,36522,65857,43218,75311,61158,17332,18784,87741,51960,27572,14325,12837
91991,97625,39350,20164,41888,13665,54966,62602,98529,31886,19781,13335,37717,60112,6663,75899,46011,79320,46361,15551,2146,55687,53944,81368,87726,16108,31469,20768,10671,241,8231,52463,15186,19468,11783,72424,63568,96222,11149,20875,45570,64910,13008,21183,42151,1800,39527,75856,52664,43400,48792,94679,52044,53429,93082,15748,9596,44977,31858,20289,11950,87803,61429,69091
11808,34124,62083,52782,69488,66948,41334,78286,25962,8014,91338,2251,28367,11445,23183
39500
12961,46671,92733,13646
92659,41115,59246,44162,31663
10909
59334,91666,52079,59915,64375,38853,12060,50691,86893
31420
87147,85433
24480
57502,74756,49490,69937,91089,62727,83798,80097,81281,85236,22561,1835,15312,24967,69010,50994,46864,907,68371,36424,76063,11276,29531,5469,28465,92336,49083,43956,27355,26487,66730,98518,74673,73700,47204,9863,72380,80873,51044,9151,71287,92107,22497,15944,73885,33183,71513,70318,26660,4226,55597,40777,85532,35798,24952,86018,73598,61836,95397,78300,86625,79901,40152,6235
60721,76490,99178,68161,56844,57572,11502,737,4543,90488,79032,26017,42363,48362,24681,42268,34767,69479,75738,9843,46525,99124
86850,79377
73493,432
97402
73519,88851,90890,25454,1381,65906,45898,2054,27081,99111,36337,26100
65455,66480,33210
84916
58031,16046,32498,84788,8932,1224,65650,44198,25283,47204,18358,37409,23390,58639,67363,91485,6774,32699,26444,57926,53313,87747,91902,77300,19891,4073,89916,94280,25038,4664,68060,58876,88884,57535,76035,78639,979,14844,78001,17937,20613,75211,20450,14950,1348,46944,63681,73165,90558,65124,75644,21060,34044,30396,6503,96898,24126,44867,35694,4445,90335,21958,10042,34243
14376,99949,18899,30269,27119,2639,1289,51292,23272,8360,29138,27407,42408,99239,30689
70464,76849,5066,50132,44869,50770,17163,46507,12294,94583,58707,3451,50566,92634,74287,27295,89231,18552,24668,15500,92300,71691,51799,66792,25883,7065,84579,96422,3553,5168,55951,4302,72162,94536,27998,29435,86350,35618,24028,8427,83988,92591,7854,80295,15992,13886,38098,43669,85406,69975,14458,58407,87544,66210,22973,12883,45251,47219,35273,10926,11812,52899,94431,59794
43818
93129
69033,71792,57527,76289,50172,62207,61658,75265,89835,29426,69931,3165,53248,89871,64519
26770,60640,35774
43312,22809,62477,19834,44357,93925,75762
41435,96892
1394
95987,35213
82074
94752
60176,61049,74933,23975,17805,34367,47902,74288,25730,56478,349,3092,96674,85030,86385,32872,51370,67471,25415,74445,69298,40727,43480,30735,80335,98691,99952,77140,34908,78108,24440,89658,26738,40287,9334,8135,39405,55020,1742,84617,11439,99841,27169,37900,15986,82443,73216,7855,10560,60912,86600,10981,22111,54535,10859,30455,1010,49916,71521,41198,25661,42436,50950,16572
11161
18181,98530,72295,12538,30136,41193,18120
85165,94059,24488,1654,26697,58253,80850,33954,27334,24886,287,1401
42791,61755
1253
20028
90980
99008,64181
52167,58302,37049,20159,37594,69995,66263,67726,60872,6046,62647,88085,64889,57941,22395,79247,45157,26291,48984,12204,92640,70245,32655,79389,5417,38603,65139,2369,70873,81826,59413,20609,74909,33903,73590,62823,9340,9995,1516,7199,29966,2570,93848,91664,17260,31138,74219,66066
58162,98924,62980,66945,50209,52510,29103,52092,91818,37692,13322,59978,78520,95880,54216,78805,25047,42423
41904
33244,71616,88354,32658,13578,82544,84959,93492,25507,71904,71563,79002,80622,95252,47700,7591,19228,88662,84477,1107,36751,24518,32068,63880,51002,48090,43509,64162,68305,4347,13719,34117,43569,99622,89171,64877,3606,10069,45734,58705,66053,14193,88771,49322,59379,3931,82449,54305,22269,31885,35281,2705,94214,80299,88598,35364,55795,45826,47549,58893,45107,77324,5879,19264
89238,88235,81815,36875,45625
2527,27944,72644,34292,48026
12316,49638,72179,57213,55667,91459
23410
29945
62301,48019
97924
5967,12239,34199,45848,89046,49416,43715,16679,43425,53158,58378,60598,42964,15734,15273
15472,61859,85635,88312,31139,7962,63033,3837,62677,38310,83917,62537,73990,40572,84058,52513,62522,36063,44946,84015,39357,2137,37903,39196,41839,7066,12931,32404,42396,2901,38944,32013,3457,25041
27513,14353,75191,7237,57795,66534,80617,54558,54269,76081,85409,21095,79607,46237,9828,61243,97701
14070,1474,91652
59684,21909,79251,39368,33189,28980,59857,13454,36212,30508,6061,76316,846,95973,9486,35823,9841,36687,61089,8748,52587,77188,45546,11244,69192,18648,1682,43679,27098,2847,77740,59973,90998,48037,43834,84263,8148,36167,79873,29254,88517,28403,41366,89737,24335,96812,4397,26580,59108,59412,90987,95982,67789,65974,31725,80565,64289,2407,83207,35966,47583,48610,81975,26792
39191,3912,34850,8837
58299,89320,46469,91211,97712,5380,51639,52828,38517,83047,39493,5519,54794,20191
35491,50189,72291,27816
38066,6790,38414,58023,61697,29324,6084,57731,65536,8517,50497,9508,45303,64084,71926,71379,75826,24123,84626,34967,37480,78759,32704,7487,71434,66210,58181,14328,63180,19841,55552,50792,77270,97659,19004,11471,55571,95199,15810,48739,40725,31804,66400,29548,49307,84541,37959,2110,88497,27450,77283,76278,52629,8781,95006,68088,42436,85390,78808,76031,16793,63284,28579,7848
33808,10403,10582
72704
50180
39787
19226
77096
63419,58559
19009,12354
12350
2504
96909
36774,65824,98225,93646,32058,48989,46304,3340,76830,57437,37145,55833,73546,1497,64605,86125,72641,61997,9054,74469,75067,49392,58266,61840,12112,25747,79231,97376,27009,40072,91530,16232,26118,5591,23477,63617,34822,98338,89156,89580,72637,70211,50967,99060,9536,72283,14025,33925,25562,60122,78721,7976,60165,22168,7699,41754,58127,20182,38980,95351,34675,99560,83423,37093
57681,70923,46464,40777,32973,13951,2492,33693,79574,23337,17974,32808,59890,21502,22039,11234,33221,21743,83121,90576,37051,8522,8745,32475,46347,52845,30413,35451,28368,51761,69690,4342,47871,64857,67255,56348,52514,68097,37837,56726,31946,43790,12408,35014,14208,22643,41946,50007,94199,2605,89857,32824,72417,67787,97085,10871,96719,6289,87731,65218,48191,39777,9359,80183
72795,93732
73042
95705,88681,42559,70372
26432,79523,60861,44033
62819,27718
62235,47481
32178
97553,6375,75770,21000,22252,15442,10241,12390,83268,92629,58478,1384,86450,60186,52087,94748,40980,36005,77982,52710,71688,69579,83945,31717,7202,47765,64755,81711,26705,74536,83220,80845,80807,98735,66115,37033,43648,74709,23653,60279,57273,66661,42127,73988
7143
74973,81189,88575,92280,34932
4638,65348
9022,28029,70248,59457,60665,75118,16472,79100
58654
42012,46366,50872,55036,33385
22303,16903,34070,26052,51614,91214,10809,30897,4915,97476,70077,24148,41424,72307,95773,57390,27091,69687,68575,64396,4596,70675,1962,90555,88196,56347,64606,6784,87443,27082,26210,70822,93889,49407,50752,54855,29114,59658,96099,38263,77309,77390,85084
72354,92145,71430,97616,71531,83691
89036,98341,59539
71023
96708,38024,11919,88428,63196,42848,71693,3265,47722,26547,28821,96932,55004,14043,36475,24265,90913,29127,35679,33415,17570,78018,57639,43698,39599,66669,9589,93177,56484,22765,53785,85206,17319,52385,59764,81004,56736,73641,77362,89113,36157,70387,24876,84430,95122,29421,56122,82234,2714,70502,82071,87123,19676,75717,78604,285,70516,62622,96882,4301,96558,57142,27441,38748
76645
99605,31685,98372
62920,19201,59775
80177
5454,7891
518
57037,5776,93211,12794,7161,25765,76319
90696,25100,51863,77376,79689,15291,83832,86728,73495,52725,39138,88941
86386,51822,74205
39989
74315
8932,90158
51555
59866
18939,52857,315,89017,74887,45446,83584,81157,11907,5384,25356,128,57313,52829,53798,7361,91820,97655,59054,550,39597,71815,74873,24338,82270,96756,50867,38154,52613,2728,52345,2693,3478,55337,51079,98672,50768,97978,80711,33727,92617,48270,59495,10045,21259,52218,27124,59970,7991,25106,66516,61212,98366,89970,81063,95,60247,22893,26691,20992,45590,12388,53179,16610
50046,62591,17967,10269
80626,73853,26145,88703,22116,92659
11328,66018,1916,19739,40470
8529,45697,23202,9895,96196,98184,96235,15410,38192,32742,32579,41660,51001,48514
29169,97983,97967
33122,22122,53271,36914,98715,42937,3978,12506,7457,38282,31650,85673,89059,14036
94460
58402,30681,40664,44138,17053,86742,1233,6972,27334,14358,6182,38339,37677,12557
81021,88258,71969,52218,94739,35050,42701,1506,70780,9249,66534,78243,21704,61202,30358,39832,52983,24947,79666,39463,46181,81469,22774,45225,99347,39972,11557,28442,95589,75914,80905,25357,83890,39335,79492,88089,20817,93850,63258,73089,75675,16844,74569,21293,27156,11655,18112,97893,32812,38701
47984,71294,57378,53615,83695,49594,76904,91090,67615,3532,26349,61775,47888,28476,33543,7836,23493,78278,1024,83683,33946,80788,25611,82878,57190,85145,6230,79743,27052,35884,4476,95406,64142,98093,56819,15818,33748,43989,14733,93151,95792,56350,58439,70349,67912
6266
53135,77712,80654,59604,89638,58620,38271,44266,69003,88648,22988,29349,65186,76357,39915,64318,678,29175,95553,57649,86845,21765,29083,97494,99776,87685,31713,80146,45884,84393,85126,43486,30459,97486,45054,43167,66559,93667,13046,98447,42235,2559,30941,46249,67678,56637,13597,48823,23273,26954,71138,80329,15622,60238,42202,33666,71288,24883,76547,40075,9488,79225,85200,56307
72397
14755,33929
34990
76381,35204,72830,30684,60089,20980,55848,8081,73471,2910,99926,83897,57855,90958,80872,14277,74428,37730,85581,86381,95453,45098,19308,12507,16546,99181,58635,35180,44929,17288,57072,42567,79805,2115,93172,6066,41741,34063,71793,65822,19680,49073
53455,46388,2180,17810,50375,26046,54534,16367,73545,18845,64949,83662,35840,13948,573,36055,11548,88185,97307,98063,92234,58672,32509,44655,25885,84025,43642,38512,68994,37379,35683,22731,6729,3797,40279,99528,26059,64107,32493,30270
16295
56343,65884,35020
52663
47616
27086
69172,55386
6585
49271,38938,79598,30662,95599,61500
13067,40337,88392,25458,70480,78336,69256,9037
37430
34821,34391,87900
563,53902,98221,87551,60651,99795,40233,61136,54377,4732,4052,89688,17365,35483,62336,57554,51426,97918,78708,94178,65874,97913,60144,54173,81527,86881,6826
91058,69089,89764,71559
92692
27516,18764
19565
25216,21385,44162,19814,15816,52378,79335,13562,51130,65929,70559,10507,73376,2688,23692,31929,85301,19186,78245,98867,95994,30299,9571,22206,76882,19677,64559,37385,76686,60585,58551,78195,95488,36457,52885,62597,82306,48206,37454,84650,95320,56904,10349,28989,46295,70359,66975,82007,2999,46544,70106,98720,14235,87910,776,19695,84700,78676,97276,60095,61597,53481,51171,51394
29252
85341,35662,61087,66925,53771,61143,4886,31595,44830,39421,90805,89715,71174,35228,5095,75513,88400,48964,82667,93067,54668,20956,2240,75695,56243,15371,5458,96949,32038,32709,62891,36444,91292,68094,35779,26663,86003,59173,91837,34510,2104,89912,23943,84548,70986,23178,75685,8157,39242,35655,65676,53452,61216,47621,73978,16007,71866,5002,8587,72365,15825,77014,13272,14670
93248,17731,91355
34812
79742,93944,11671,33047,57427,86552,18723,18676,36838,20457,26709,12984,82893,79671,14445,53675,64618,62755,98390,64127,68706,3286,7923,61893,90785,39904,64308,21007,45631,75129,65969,11419,87905,92714,47713,34075,53132,80137,45245,3013,7259,81158,78707,77204,12641,17067,39457,23085,38682,55848,28004,12348,40251,72259,61801,32146,31139,58369,17251,83365,86937,2541,97084,2342
45858,66733
32702,20362,4748,72740,3685,48422,39288,96769,93025,81752,73071,54290,34927,16666,96805,38489,42876,14120,27679,63460,42635,58587,21154,8207,88564,43204,36117,28609,65797,56308,38905,93093,90174,19852,64238,96837,48825,3018,13214,66768,90192,12839,54682,49686,28505,63168,87793,23924,5444,35900,31408,72719,53683,1789,33981,73511,47673,56286,26431,31939,13008,8162,3685,62439
15764
57377,95295,69722,57540,11686,48896,89118,38432,82619,70842,26677,14126,1699,27613,33290,65590,57258,47906,72289,77010,71349,89711,35974,82338,42076,18420,14579,9147,95559,16944,83526,78353,43924,91384,90830,92545,49689,29821,4380,84034,87297,53624,7094,82280,29830,54837,65945,14589,6275,7922,95906,95722,42683,42580,40681,35052,54381,35630,61616,37893,62992,94500,20581,6270
52663,11906,23138,78965
41789
54941,77616,12853,47864,3446,49916,22423,91125,26081,20017,1421,13328,21609,22804,73832,88755,85544,95637,89824,45550,38991,64929,31941,60370,99987,19811,76934,93550,53735,35602,25477,16799,32130,74656,51536,22146,54208,80907,1367,2059,95940,74825,57561,90601,58916,52070,21147,81067,76499,29560
73727
72710,9515
16040,59500,62359,65820,37322,83557,44565,20609,11511,87764,70716,46148,20930,9652,15278,10562,52941,19780,12781,28275,69941,49641,15371,74875,48956,18672,69122,99266,54024,16152,30957,59938,99940,92894,93322,83251,57482,64789,73394,71550,63873,13420,87976,966,42596,43415,99605,8951,47580,35775,9770,22374,42208,91635,38821,88006,73377,81895,85374,71395,73343,15407,71705,4836
73740,65389
75694,64226
36869,36942,59615,47269,34057,48915,53659,23993,63821
31416,26774,41839,10328,60318,73339,95582,28361,53848
50355,73117
62485,80700,85064,11350,35505,65313,54376,48211,17316,57243,74058,3841
59157,90622,57373,95279,35257
348,68207,21279,968,18019,93403,78131,27501,59808,33934,17733,98839,81397,36348,35347,81560,46086,37695,38731,44681,52138,4007,48014,43997,27458,35539,42456,36607,90834,52852,50289,26293,91639,2318,55013,16880,76882,37828,29359,5795,79042,39648,26432,84430,1955,46883,16073,12697,2165,18704,94707,44552,99998,26730,76223,8960,10812,1639,89895,67162,74378,92734,33224,72254
50228
54266
66176,46994,2405,7506,50154,56991,73240,57219,18822,36682,44379,98395,53253,63498,73557
36224,96446
67491,84828,74922,62152
3087
58364
12951
60319
70140
54518
30844,5936
67105,69830
47793
71634
77912,51248,4767,87039
46674,67244
91092,36266,62200,1969,88505,5916,54112,35180,3578,46210,93560,16687,29227,18933,12497,23021,57183,78052,69031,77129,71560,38294,90025,17236,69978,11090,76559,8713,21618,39128,69447,4554,25735,33363,73102,96154,61417,50750,33628,82265,10724,12926,20118,26808,46160,94655,65040,38355,21152,64841,25313,97613,47773,55079,90350,30534,47180,53195,27107,5463,28374,11237,67568,717
31649
88421,56862,67128,66852,29833,63232,22116,63550,68308,87615,91954,2398,29914,54712,32156,61858,85424,25803
89338,88202,91404,7353,29315,12410,12031,5314
44000
8722,29576
98137,88387,93709
3663,66091
63388,13276,90619,40438,97668,11397,65013,13073,94993,60760,7566,21482,35928,1286,871,92548,98119,53621,90273,65523,2805,71450,1813,81651,36697,14125,25854,68335,84694,57072,16048,90016,79065,40987,55446,96394,37739,2577,14572,60032,99770,73990,61799,32300,43938,3837,37113,62347,90573,92243,82120,2149,81119,21862,61620,94639,88796,66441,29928,52088,70371,51421,40445,40284
60000,3578,99816,10206,98453,3537,51262,41758,57386,43357,89733,1666,98564,68944,77861,13980,6518,39702,32264,78296,89657,42746,76836,5956,74224,9933,66792,38215,41526,27635,40324,87442,80894,34032,29378,50912,68483,18234,72621,94869,84456,54827,31988,32349,74189,45485,10649,67765,13806,98691,41734,34200,5522,16772,94770,53712,90190,95592,4893,38078,83832,49567,50887,57010
70196,93876
88694,62509
57698,36099,11632,70901
257,69817
49692
78648,94924,55299,57262,48737,37294,8887,3092,72301,91498,5385,32715,60821,70478,73529,69424,8386,25388,46924,6377,34318,38500,97810,31713,97138,70026,69227,81979,84232,22244,42091,52823,97677,4060,47679,21425,20680,76176
20189,79340,99393,77641
16992,14238,43712,55104,77835,42271,16706,99149,90456,65407,69546,93521,47486,14535,60596,45087,79975,77161,47144,36786,42205,63251,63703,51170,53188,99193,25373,17387,79917,93535
60869
40157
34851,46799,5245,52860,26959,26536,56035,96366,20586,91149,51941,97291
38221
99692
65996
66980,56322,45169,52511,85074,79235,2380,69462,83441,74414,49729,33551,67322,66368,37404,40635,36862,4499,3171,8308,42379,51042,40835,95518,22479,39296,24732,29975,58414,30991,31777,67083,83026,21256,11138,23948,57765,95969,16004,4276,52824,99094,55255,92447,64230,3160,42742,77005,50947,19480,18095,66354,46301,57413,37303,33904,66613,776,43482,37069,77934,72842,42599,26271
23577,21125
27369,76058,4528,2612,53992,22345,83088,75221,76911,45703,43779,42558
19612
56733,86349,25663,5678,56471,39922,79746,85662,95064,39318,90175,11787,37273,26595,92311,60003,36586,15203,78299,65494,85297,43816,14990,33439,62008,24092,7071,82333,53053,39667,55285,73848,134,44035,25424,9186,3597,44051,54396,50769,78296,45784,58989,81624,65729,91086,22159,78678,69674,58278,374,54145,85847,64462,509,28783,56935,81185,44492,85685,79586,26721,19495,90282
58921,84874,92214,42449,4573,90900,58357,12044,52980,2798,28980,34787,45435,56544,83940,35144,73533,94207,74852,25471,67773,28121,47791,63483,29323,386,83717,72756,12313,37747,26169,97775,94181,69142,44077,5221,24692,9262,78950,8816,67751,95263,30793,68405,87912,42761,44884,20048,42751,87364,66335,20155,52654,70668,7734,76333,20125,29465,41634,50491,91602
22299,25584,37893,85728,96514,45449,69314,91727,84662,68127,54060,98435,23904,36276,71288,2089,50057,85444,17685,80311,41243,86052,63484,15717,73533,5615,24322,88840,87600,4633,37955,9413,27113,96746,19512,64145,80417,88098,35416,69687,48340,10733,22282,74817,68609,52109,78104,69126,33942,29395,94508,97184,3061,79076,13294,86123,58879,68778,70141,60492,25068,80719,55407,54506
31838
1004,55409,34509,65933,36452,97281,68088,45570,70820,64822,62054,57804,93188,31755,43235,25306,56951,98788,60837,20685,92152,79028,44013,14658,40266,80435,57711,18573,15855,96716,44723,68599,36064,9011,41194,69318,33334,60362,43810,33754,25502,26073,25571,71876,33733,74136,31106,32720,92424,87623,40070,26882,71563,6986,45645,59987,67578,10707,299,27666,11924,50719,91951,28636
45371,21499
4397,70319
25640,54700,68309,83976,18557,58124,91077,48345,4061,26125,79475,79207,31449,19687,29177,24223,74097,84159,4660,74119,75246,61287,87130,3892,69975,12725,89701,49996,9086,74634,74922,46410,31042,1729,90797,18427,84270,58877,68520,69422,85809,3342,99119,4333,99907,26131,84585,8350,46092,54195,95433,12370,3648,64822,4924,77723,3832,97052,53271,94841,12664,27336,45488,2940
10292,32941,73705,70848,8680,5980,65603,35971,79213,29803,36283
21934
26650,70613
47123
65910
7865,53549
45865,91078
42348,10313
69718,14969
90907
38345,78454
65588,46487
58408,18271,7404,76630,95843,86192,30506,35803,35897,70256,62363,79648,94517,39238,66269,50042,95478,35401,18759,37884,61881,95337,82888,1835,50902,15912,36217,94395,98476,15367,14098,69631,41093,43283,87338,92060,90048,78298,98039,71986,88485,54038,5095,81646,92977,31231,42817,57211,65162,67475,39427,85442,81367,94227,57592,7745,84555,7949,19377,28517,18498,72374,44038,21932
475
21639,69285,79430
29605,7324,55730,78290,7000
79554,17064,25790,62286,5137,30566,13888,21472,77340,22884,4349,21482,8675,62285,97285,16769
72886,36270,7182,68789,20990,51367,50711
59728,13494,25090,73735,93272,1172,41388,88140,28696,44761,90433,96897,65529,69414,61395,28363,88674,3407,5854,60180,83768,81424,67787,37629,35999,42565,25635,41914,10480,31987,94108,70693,14191,28627,25944,28167,69111,89501,71015,48843,16077,14289,81413,67763,51029,57719,84846,81382,8728,39511,4283,38479,63699,20840,15002,49093,52495,71410
1410,24798,77993,68198,89953
81477,83889
51065,95836
41594
90310
39185,44402,68566,39835,14710,89619
45293,92694
39911,97284,60290,76832,75554,20199,81549,94496,66113,94715,84609,66613,47721
85728
18549,56118,81573
94413,26712,9393
33336,86397,52383,5550
11936,33911,34273,13532,49414,47913,19930,23224,66443,95208,99650,55932,3849,89773,95053,27806,40036,2597,80121,77566,2062,70238,41188,54549,21833,81535,40441,84009,14827,58790,31015,96593,55689,71971,8618,67688,10107,36142,22248,225,58629,24094,51258,76392,17815,70987,29703,33102,57700,62558,65540,19528,57961,26363,27692,94741,10092,41318,43930,24499,78537,48711,71941,38701
89678,72953
33319,96212
86506
59174
1644,59115
69085
36483
14389,56463,80152,31933,45631
109,70386,86610,77635,42944
4510,49209,94043,8350,21393,83711,56820,17033,2426,41062,59492,84027,88379,45778,42248,93116,77689,20931,68127,71523,23390,97800,29684,54961,49373,69219,90166,39323,38453,75134,95228,90888,75276
70306,76873,93593
1063,58865,3403,57714,39472,30463,89099,70963,56742,88196,9790,64632,15624,23304,18515,54411,62905,75594,44062,93937,37357,15659,3651,12749,44512,41294,85423,12561,26233,98043,2856,42430,19823,53361,97366,22709,37037,44913,79850,98470,9653,48869,75260,882,80611,24252,51840,97846,63514,98907,60347,21049,69262,61527,31071,7690,64821
57744,77363,12592,53875,81866
89125
93958,21195,17298,57601,46271,23433,10204,14363,33914,73949,6509,10519,26454
87375,99023,44017,4460,1193,85897,44478,7745,83343,52900,34976,45212,22507
93156
78777
19905
73490,17968,45329
74872,3637,72572,22595,69918,49917,2612,76189,25996,95232,83990,19283,60086,36203,60220,55700,29591,65140,26017,90735,94656,16590,72776,92938,12686,73963,93771,22510,58237,79785,33336,23782,39714,33539,72541,37093,37627,94451,57875,92937,71050,88521,19537,93819,94425,4076,35617,41329,41937,77841,69852,21288,60879,97463,44012,92822,64974,92497,90283,1667,80029,18909,82426,80802
25841,6621,41940,30297,55382,8202,4419,43714,76979,31497,32346,16402,28259,29877,25929,34368,28338,68082,33801,75476,60483,64049,58357,92287,25571,98239,20642,13823,82636,89596,9272,59979,51282,22011
52056
68579,57414
51976,88565,22553
62392,31657
97364,25154
87136
63213,21474,75869,24118,26231,34477,68174,39151,56914,55300,19663,23251,30682,22234,91874,38139,40487,67202,78808,68813,55118,97612,89984,20241,16003,39286,83538,96468,70263,69001,23369,59228,18432,53965,19375,7551,96730,89338,68532,62551,23999,57167,74809
53950
28194
39191,84097,25466,96141,75532,89024,50957,22373,3393,53492,39909,11368,92861,97027,37389,66805,41323,49681,62396,41643,80168,18934,66846,98313,85006,4572,11397,62873,92460,84403,90393,14972,51915,72589,62474,77703,21281,45705,44795,93988,20270,32637,2197,15175,98091,84768,25914,70207,59311,90658,30025,99436,37062,71686,39776,67154,33505,84330,63740,28877,96094,70918,42863,13588
97333,75500,66780,83312,60714,23200,23710,7907,6292,72868,85194,16392,57398,12391,41441
79074,81197
94876
31058
94874,78362,33862,32796,10756,92089,20330,26796,41292,13755,80598,69810,15662,16284,2199,94937,43578,65556,14997,23086,54149,20882,61293,92388,30510,60786
91567,89374,772,11022,98620
92540,32191
52005,57280,66842
75038
37287
88994
5914,3243,95798,17717,99460,28596,36455,2797,94387,35930,16772,48334,15468,78978,7311,49922,39127,3717
5230
51866,39466,12974,13839,80483
73053,60779,83337,6930,68782
75253,20049,53637,76685,60347,24950,66475,75949,970,56740,50461,36671,4423,8349,75017,82751,41926,93966,92767,66592,58092,96455,60980,93412,97899,19461,66068,73121,82009,34930,86161,48752,38683,15696,32120,97478,71620,72614,89565,26691,66155,37147,84799,42248,85488,74754,77196,92570,79063,32144,52152,47250,6458,59321,43743,39334,10961,50418,57904,10570,63494,16767,14500,40110
38908
91494,6767,34936
73452
24979,98157,74286,94609,94913
10916,45912,74459,860,45204,68815,79289
41506,86302,67365,4549,27771,93792
240
10803
34449
99382,70479,14766,39311,93955,21917,57548,46401,76046,75235,83329,11943,45384,69175,41900,66735,63577,37074,10012,97034,82600,89471,29982,31616,32344,3109,16970,30830,98738,20472,50781,54725,35980
91875,9322,87034,74373,30583
76773,42860,97066,3654,2974,54416,93147,6336,77793,93861,48637,86694,75694
21418,85418
69937
1257,56802,65438,80136
77128
47565,29899,19177,8900,63984,95977,8028,70271,58459,17188,21270,28445,68494,29866,82805,36975,10952,9547,40027,40790,73352,47857,16370,21328,56652,33417,67184,92302,35479
55188
83199,21035,51066,30524,62700,74308,14087,18746,2316,1205,5074,70681,90392,40970,88265,72969,80759,73990,19961,52336,52546,64161,79612,11264,67467,83304,11552,41496,89555,2437,16068,80392,17179,70199,90101,49857,48462,42875,37289,38005,55366,89555,98140,86587,11963,30677,75695,54553,33432,31119,11705,33242,42193,41592,54875,27299,20596,88752,40527,25475,63568,54232,57645,22151
72316
19229,83641,42405,40914,38849,42297,66532,49669,12681,56635,26700,10832,83993,31263,59504,17189,33930,38585,13389,97336,31160,58273,56552,42938,58561,56594,8006,66908,11420,43495,36471,44771,7190,70140,41857,6086,353,54008,66626,54733,72045,75675,87197,98265,88480,79576,43097,50379,61605,16945,67765,58826,52020,83430,68717,93242,97652,82531,29791,18897,29931,71258,86430,88016
68398,68102,95194,68575
14097,50016,35867,63698,63584,29438,29970,8881,29325,82772,65513,94315,92632,85683,17968,33391,5748,9353,23106,28014,1539,84284,52701,65582,65356,96670,14733,34268,30838,55147
52619
79004
56064,23399,56473,96409
57886,59240,17600
789
20958
2515
45225,88222,44674,64528
85563
76308,65063
78402,28056,42046,39899,79861,40878,93754,18661,17217,71617,76414,67904,30779,913,32149,46663,41275,92205,86372,77504,2205,12741,43393,62169,68005,29628,11041,32817,79226,98657,94191,59324,9093,96773,15294,26829,97410,50388,19785,50211,7894,31568,95220,29857,89263,54294,65573,70300,55143,3429,91924,47502,65552,55388,65840,35470,84369,22431,65325,57791,50368,2196,38972,4754
50313,68776,52248,75705,36083,30614
44812,22913,80187,80973,41651,79256,2556,15478,28302,38792
23174,51219,79358,45623,44929,5989,28031,80726,81071,10427,1921,83102,17425,57455,82696,78733,55065,37664,77365,69474,83818,51385,94197,76974,6342,29389,79924,11608,70877,34058,20702,53991,93171,89766,40420,369,88761,89726,60511,62857,52675,1249,15952,14338,91433,4982,55666,36280,609,91924,1828,85580,77764,79369,16193,88109,59874,40196,68108,34144,27936,28822,56931,60105
24026,24561,94632,51488,86017,33018,28804,28260,52881,77907,50063,29494,96003,57243,39403,968,56223,62106,92871,23070
16281
99930,55049,2687,10567
47539,61750
24370,36568,73625,96764
49106,41541,36113,13618,5277,83400,3714,82087,24726,69486,95160,74881,72953,26471,59817,64205,42530,3802,91244,19689,97346,93228,1886,73924,63408,23067,81279,11138,24869,94892,74284,11218,14408,25707,7056,18263,57176,746,28744,31413,97087,97418,84548,34190,52731,50430,86018,74594,90658,55108,91920,74359,73883,66164,33566,60856,35658,64965,25479,79917,57137,71019,22179,79178
80261,14559
35001,67768,87355,73702
47170
29996
90997,87458,89683
30471,43642,24383,95455,86710,17326,24702,55205,41550,45990,36792,67394,89807,91723,45524
82789,69431,19691,79404,35042,62790
72064
94370
94832,80251,50599,40021
44123
95082
20503
52458
67956,2257
63490,26001,28064
