# n=500,M=32,U=50
# source=simulated,contrib_dist=gaussian,value_dist=gaussian,seed=0
36,29,11,19,35,27,25,29,31,19,23,26,20,24,36,17,41
41,11,24,28,19,19,23,31,21,40,27,24,37,30,28
22,40,32,23,12,28,15,11,23,27,36,27,32,15,25,26,32,26,32,21,28
28,15,26,22,9,33,22,18,22,26,38,24,29,36,29,34,21
31,25,34,17,19,36,23,22,26,19,36,15
24,28,24,18,18,29,16,30,12,20,25,15,30,25,16,12,12,25,15
14,23,44,27,31,27,32,14,21,27,25,23,19,23,19,5,15,29,38,40,26,32,33,19,11,25
10,22,30,13,25,35,28,29,33,39,26,35,24,20,28,20,20,20,6,26,14,24,37,21
20,36,30,33,22,31,19,19,30,20
31,45,11,19,34,24
35,17,28,24,26,28,15,16,37,27,26
25,28,15,17,36,26,32,20,36,28,29,30,18,9,16,39
36
22,22,34,24,14,36,29,4,22,26,29,26,20,24
27,23,22,35,17,22
8,30,32,30,33,29,28,29,23,35
22,13,32,40,17,24,19,22,25,15,23,13
20,15,16,11,35,29,9,20,19,19,13,31,22
29,29,36,10,39,36,30,45,27,32,19,34,26,21,43,22,25,23,19
29,31,28,5,33,22,15,30,30,16,46,15,11,15,37,24,22,24,20,19,20,31,34,16
27,32,16,21,16,14,26,19,30,25,28,23,20,24,25
19,29,31,26,39,20,29,22,27,18,34,26,35,14,21,18,21,19,24,25,25,20,27,32,17,25,24
29,24,25,17,25,17,29,24,25,18,32
31,32,44,25,35,24,28,28,27,30,22,25,29,40,18,10,21,26,26
26,35,33,25,21,22,22,23,12,21,21,23,23,31,21,21,30,23,27,31,29,27,23
31,26,21,24,15,17,9,19,36,20,32,25,19,36,30,10,34
16,24,31,23,34,31,12,21,27,20
23,32,28,17,26,20,15,16,27
25,25,15,23,16,17,24,13,31,46,29,16
23,12,22,29,30,16,27,35,40,19,18,25,1,21,23,21,12,23
19,31,17,23,23,30,4,22
31,22,12,28,28,23,15,19,22,18,9,19,24,21
24,26,32,43,31,13,3,24,26,15,27,19,28,22,28
10,21,24,13,41,20,37,19,23,35,28,27,27,14,22,17,27,20,25,24
25,25,20,16,19,34,28,30,36,15,29,16,22,29,38,18,24,35
13,28,22,18,26,30,17,28,26,15,38,34,18,20,31,21,10,34,25
41,28,27,49,24,17,27,34,15,17,29
0,16,32,20,11,41,13,21,22,26,22,24,25,24,26
5,29,13,7,37,14,26,19,19,29,16,28,28,35,22,34,39,38,30,29,49,44
19,33,30,26,26,29,33,27,28,37,28,30,33,39,35,28,27,15,27,16,16,30,24,29,20,35,26,35
31,26,21,25,32,31
15,34,23,32,19,30,18,26,23,23,20,24,10,32,33,21,14,20,33,30,22,32,16,20,29,24,20,4
31,28,10,30,25,27,33,19,31,31,31,39,30,20,40,16,21,17,24,34,36,29,20,20,20,33,17
32,25,26,38,21,39,13,18,12,19,30,31,28,27,15,14,28,36,22,14,12,19
38,23,16,20,21,27,19,18,23,29,31,30,21,11,18,27,14,27
20,20,34,27,36,17,34,33,0,24,38,31,21
23,14,27,10,17,34,25,22,24,48,34,19,39,24,31,20,17,32,19,18,32,15,13,30,9,19,22,14
16,31,27,17,29,38,14,26,41,30,32,23,18,35,30,25,21,10,26,19,24,31,32,31,44,35,19,18,44,19,25,40
39,25,27,11,17,22,25,22,26,43,29,28,25,24,35,17,24,16,26,26,33,35,31,39,38,28,28,9,28,25
11,21,33,15,36,29,23,24,32,13,42,18,19,35,32,36,34,28,14,21,27,25,8,34,39,37,17
29,7,39,9,28,35,36,28,13,24,23,28,33,31,43,31,22,39,22
27,27,6,27,27,23
24,14,26,38,24,21,20,42,14,32,26,41,36,24,12,37
37,16,31,18,19,12,33,27,29,37,31,30,31,16,25,15,18,24,34,42,16
26,24,29,30,28,17
28,32,21,41,23,20,27,23,14,25,38,42,20,33,26,27,36,32,26
17,16,24,28,29,32,33,5,33,16,34,28,30,20,27,9,34,22,3
34,39,18,35,19,6,22,28,26,26,27,27,23,20,23,22,22,16,20,26,28,24
23,29,32,31,10,21,31
29,31,28,18,35,14,33,25,13,22,35
20,15,23,18,15,29,32,20,29,22,24,26,37
29,17,29,23,21,18,25
24,22,13,11,26,26,43,24,34,35,24,26,21,40,12,25,37,24,20,27,29,30,27,31,33,16,22,32,29,27
31,33,18,15,15,40,16,23,23,34,11,25
35,34,28,23,40,11,33,29,30,27,27,33,15,15,26,25,26,38,20
31,28,45,13,20,21,36,18,39,38,32,29,12,27
13,22,27,22,33,24,12,16,14,22,35,29,28,14,45,25,45,18,20,47,16,28,22,18,43,17,32,34,17
9,10,18,27,28,23,24,33,31,28,20,31,27,19,20,35,40,21,8,30,17,31,22,44,26,33,15
2,26,27,31,20,14,12,30,31,18,21,19,9,27,32,23,13,23,36,43,27
18
8,12,24,27,27,23,12,12,26,18,36,13,39,19,27,27
22,8,21,38,14,10,23,22,14,19,21,22,26,31,28,28,39,34,1,22,12
19,31,23,21,36,12,24,30,25,15,25,32,28,28,28,26,15,22,29,0,31,28,16,19
23,28,22,35,28,18,21,27,31,31,24
26,25,32,17,30,10,29,27,25,7,38,32,25,29,17,29,38,15,47,21,32,18,28,14,20,23,20,23,33,14,15
25,20,17,26,20
28,25,23,24,34,36,24,16,12,6,15
18,25,9,37,34,35,21,27,17,38,15,21,37,46,24,22,4,39,28,9,32,30,22
20,31,27,29,35,35,31,30,14,16,32,30,29,32,20,30
17,26,33,19,41,34,36,23,13,19,30,23,31,26,20,33,36,19,29,26,27,24,15,37,16,18,30,26,18,20,24,21
30,15,28,38,27,18,19,25,20,35,10,39,8,25,16,32,19,16
22,22,9,29,5,35,22,33,20,18,30
20,12,24,14,25,36,33,25,24,22,20,28,24
22,27,8,41,30,13,26
16,21,18,34,9,22
11,25,22,13,37,38,20,29,24,27,38,23,40,23,24,41,27,8,27,14,11
17,28,16,13,22,28,19,14,7,19,32,33,32,24,26,36,18,28,9,31,21
15,31,16,18,38,16,20,19,32,10,35,23,22,18,24,37,27,17,22,29,26,23,30,28,16,9
29,40,18,24,36,39,26,35,31,20
8,17,28,28,21,18,12,11,24,12,25,18,21,43,25,22,24,13,36,32,21,27,19,28,14,27,38,29,20,33
41,31,26,18,29,41,8,33,26,38,24,7,42,15
32,24,25,26,20,27,28,32,26,28,36,17,26,29,34,24,26,22,35,22,31,24,25,15,25,25,13,19,21
12,15,37,16,18,13,35,33,28,26,21,23,19
30,31,33,42,31,30,33,12,25,12
38,21,40,34,20,11,16,34,22,13,23,39,38,21,28,30,13,21
22,28,21,13,28,20,15,15,23,37,24,34,6,18,15,23,31,20,15,33,19,27,19,29
22,32,30,44,24,17,15,20,28,19,38,27,17,21,20,26,16
36,22,23,33,19,25,40,28,27,21,17
40,24,41,19,35
23,28,35,29,32
12,21,42,23,28,24,20,13,15,39,24,15,17,32,17,20,16,15,39,24
22,20,31,26,27,26,22,21,11,21,43,15,25,28,35,47,22,18,34,27,42,31,19,23
29,29,16,9,12,30,24,10,20,9,23,18,20,24,27
25,36,45,32,23,31,19
18,18,27,35,44,36,31,19,26,30,24,41,18,19,28,42,10,18,36,19,42,18,34
24,29,16,12,31,21
17,16,16,36,17,20,41,21,25,28
23,19,36,28,20,13,15,16,7,35,26,29,13,21,23,26,23,15,34,31,26
34
35,37,26,22,21,32,19,17,30,29,30,18,28,33,21,23,23,38,33
14,12,30,23,29,27,33,11,20,27,27
17,21,20,25,31,23,24,8,16,40,11,36,23,9,37,36,21
32,22,25,26,23,29,28,21,27,21,26,21,26,38,20
13,38,27,20,23,17,33,31,30,27,8,15,27,3,24,16,30,23
34,28,26,17,30,45,11,16,39,29,23,32,28,20,19,32,28,34,30,20,38,17
21,18,13,30,16,19,33,32,20,14
24,12,17,22,24,20,24,37,30,36,32,27,15,14,25,22,17,28,35,24,26,20,19,41,15,24,21
24,34,33,24,34,19,28,40,20,27,37,18,26,22,16,28,18,39,25,23,25,26
23,25,20,21,29,7,18,25,28,22,26,22,9,33,27,17,37,31,20,34,29,32,20
20,18,20,6,34,15,30,14,26,15,25,12,20,30,27,26,18,7,18,21,37,30,28,20,19
30,22,22,41,17,23,23,20,13,36,13,17,27,15,24,23,23,24,13,20,36,35
20,34,17,14,8,16,29,22,39,32,22,23,23,33,22,25,19,36,22,20,12,33,20
24,22,23,8,18,16,43,36,29,46,36,14,14,27,24,27,18
40,22,34,37,20
30,38,37,31,29,26,36,30,26,21,14,24,41,21,20
23,23,20,30,28,35,30,27,7,27
20,34,26,19,20
15,20,28,35,29,32,32,22,37,14,26,21,9,39,8,31,40,23
24,9,23,37,21,17,6,36,28,22,34
21,22,43,18,27,27,26,25
14,24,23,19,18,17,18,28
25,39,30,20,21,24,22,25,41,24,26,15,12,24,22,27,36,21
19,33,21,25,24,41,11,18,30,35,16,35,21,19,20,28,29,18,27
22,15,39,17,26,15,21,26,26,16,24,28,37,32,34,30,19,22,33,19,16,25,10,18,16,22,36
44,30,17,31,29,20,32,21,20,25,31,22,28,10,27,21
21,4,13,10,30,17,27,30,20,16,35,27,15,29,19,29,32,18,29,0,30,9,46,28
20,34,18,26,23,25,20,29,19,26,30,20,32,29,23,21,25,21,21,24,23,26,37,33,32,29,20
16,23,35,35,13,10,39,37,20,24,25,34,21,30,27,28,34,26,14,33,21,32,27,17,27
20
27,22,33,19,22,19,18,23,27,30,25,21,12,33,21,28,16,38,31,18,28,36,24,11,29,40
12,34,23,24,27,25,32,15,24,17,21,50,18,29,28,9,15,10,24
14,18,12,31,30,37,24,31,34,42,15,18,17,13,31,31,13,16,28
21,27,24,34,34,10,36,21,16,30,17,15,22,36,10,16,11,15,24
14,28,26,31,41,17,21,20,21,28,30,21,36,23,24,18,31,31,25
7,23,30,22,24,29,10,32,9,26,30,21,29,29,21,21,32,28,30
28,20,16,16,14,8,20,17,26,23,28,34,17
23
22,18,15,25,27,23,30,28,33,25,26,34,21,29,33
33,32,30,23,33,21,21,23,30,38
36,36,31,26,18,20,26,39,30,28,30,14,19,29,34,20,30,9,29,37,23,20,47,25,37
20,15,12,33,11,8,20,22,23,15,18,25,9,26
30,36,29,35,28,37,26,42,30,20,27,10,35,23,35,43,25
25,24,28,43,36,27,34,8,26
1,34,7,30,17,46,14,22,39,29,27,23
26,19,24,25,31,26,32,13,37,29,39,29,24,26,15,23
27,26,11,29
17,23,32,19,24,21,30,15,12,8,43,31,38,22,34,21,14,32
23,27,28,30,23,6,15,30,41,25,36,5,37,16,17
23,27,15,33,13,26,18
27
8,17,15,33,6,39,21,27,4,18,32,38,17,34,26,30,23,38,11,30
38,31,23,29,27,23,34,36,14,40,25,24,33,19
29,22,25,28,25,22,35,30,29,32,8,33
44,16,46,10,19,31,20,18,26,29,32,23,8,30
36,21,32,14,19,15,26,15,39,29,25,31,36,28,18,26,21,29,22,26,34,18,24,23,20,46,35,20,20,28,36
24,32,10,28,36,26,20,34,17,23,30,17,47,23,8,34
28,25,29,30,24,31,28,33,21,22,30,31,25,26,33,18,15
32,28,19,23
19,21,36,25,16,29,29,25,24,29,31,24,20,23,33,31,21,49,46,16,34,17,25,38,31,15,29,5,12
25,18,38,26,36,26,26,26,41,38,16,23,39,12,40,30,16,6,25,40,27,30,29
23,28,20,20,17,22,22,27,22,11,16,23,29,23,28,12,35,21,18,25,29,23,31,10,24
32,29,23,28,40,16,27,26,31,15,38,32,44,26,20,10
21,14,8,18,23,24,47,38,27,31,22,22,29,24,38,31,16,13,26,35,16,17,45
25,22,46,23,16,26,15,12,33,20,29,16,23,15,17,40,31,31,25
22,25,21,29,24,27,47,25,16,38,16,16,40,29,17,26,37,17,27,45,24
11,22,23,21,40,27,25,30,26,9,31,30,28,31,34
37,12,19,17
21,28,10,31,12,17,15,21,28,8,38,17,43,12,32,30,23,13,21,36,32,32,37,29
24
32,31,36,29,30,33,25,16,25,26,34,30,21,27
23,21,32,16,34,22,29,22,19,20,32,11,26,20
21,40,19,19,12,9,23,19
31,27,17,37,34,25,32,39,28,20,26,26,27,35,28,11,18,16,28,23,28
21,19,33,28,23,11,14,15,24,17,34,31,24,18
21,27,25,23,35,22,24,30,27,34,21,19,30
26,32,31,31,17,24,21,21,26,38,42,18,25,18,19,23,11,28,16,24
18,31,32,30,24,12,16,29,20,22,29,43
19,29,20,16,22,23,21,29,23,8,29,29,13,19,21,31,23,33,19,32,25,22,32,32,30,24,34
35,22,26,12,19,33,17,28,25,39,26,9,21,29,30,29,36,27,9
20,27,19,28,27,38,19,15,15,21,29,24
19
16,23,30,34,35,31
28,20,28,37,26,31,25,29,17,14,17,9,32,45,23,18,28,38,26,36,25,27,12,28,17
16,12,30,44,19,23,22,29,33,25,22,10,30,26,10,15
17,21,18,31,17,21,16,31,21,25,30,25,24,31
28,26,22,26,19,37,27,29,20,23,31,9,23,20,16,31,19,16,33,9,34,34,8,23,27,33,21,24,31
17,30,34,16,27,26
16,26,23,18,22,17,28,28,31,26,27
20,30,20,30,21,19,28,39,32,21,13,12
27,26,9,24,34,25,25,15,31,19,20,35,17,23,25,28,38,25,29,24,11
34,31,35,16,26,41,43,26,27,17,23
19,34,22,24,32,24,34,24,31,17,25
13,18,19
41,16,41,31,29,19,32,41,33,28,26,31,26,23,32,22,32,43,33,21,23,34
18,41,23,26,29,50,24,20,22,30,39,17,22,23,22,38,32,37,21,16,25,19
27,34,7,31,43,15,28,15,18,26,40,38
26,34,2,22,23,30,18,18,17,30,28,22,33,24,20,19,8
26,31,29,47,22,14
40,38,18,25,21,30,22,31,33,42,22,31
34,27,39,29,26,43,19,35,19,30,32,33,37,19,15,27,28,24,46,26,14,19,29,24,35,32,33
32,32,24,38,34,19,29,34,37,29,32,9,23,25,17,25,23
15,30,20,22,33,20,37,29,18,13,26,19,15,14,21,21,26,15,21,20,19,36,27,43,32,28,35,35,11,18,23,27
27,12,28,29,18,15,30,21,32,33
28,13,18,10,21,18,38,30,23,15,40,18,8,19,13,32,16,29,38,17,24
41,23,23,22,19,18,34,35,17,42,39,22,11,16
23,23,39,14,24,23,32,23,23,25,21,30,30,18,32,28,24,33,36,19,22
26,39,28,27,42,23,33,19,26,33,19,20,24,37,11,20
33,7,41,26,42,17,32,20,27,19,20,11
1,25,45,23,21,29,19,21,14
17,34,18,27,22,18,28,32,15,28,32,22,24,25,27,16,21,28,19,24,24,19,26,36,18,20,24,15,20,13,9,28
32,39,24,33,23,19,30,23,30,27,17,16,16,20,33
24
37,30,24,18,9,34,36,23,40,24,25
35,25,21,22,11,24,25,35,30,19,32,27,38,33,24,34,22,17,27,30,34
25,25,31,24,38,13,14,23,34,24,14,31
16,36,33,38,35,34,31,22,24,25,27,21,19,37,15,34,42,17,37,24,37,20,36,19,14,40,18
14,25,22,35,18,21,32,19,34,34,42,43,19,19,17,25,24,23,15,36,13,21,32,30
23,33,22,42,34,19,32,23,28,35,18,37,23,34,29
20,14,15,27,16,21,23,20,21,30,34,29
30,29,21,27,11,26,21,35
10,16,44,31,37,18,13,29,26,30
38,32,12,21
7,30,21,14,28,16,33,31,44,19,33,21,15,40,16,39,22,31,21,19,17,22,27,37,18,25
23,24,16,13,21,25,45,37,22,14,11,33,35,42,23,28,22,37,33,19,26,17,26,13,27,35,36,15,25
14,34,28,16,17,30
11,26,28,20,23,26,30
15,20
32,3,33,36,41,5,21,20
37
31,34,31,12,29,7,29
27,23,27,31,18,28,37,28,27,25,14,37,22,25,23,22,20,19,33,36,27,15,24,44,28,23
18,29,23,36,34,29,26,29,28,23,36,24,21
11,23,12,31,18,17,6,27,22,31,17,34,31,39,21,34,18,26,23,37,29,41,28
26,24,27,19,16,21,22,21,43,24,23,36
33,19,32,34,18,24,31,33,19,35,30,17,23,40,28,9,15,38,25,26,15,38,24,20,24,50,25,28,13,20
10,33,19,21,26,28,42,25,34,19,17,19,25,27,34,33,20,27
34,14,19,14,30,25,18,29,22,33,23,28,13
29,22,11,10,17,32,7,35,24,27,31,18,25,24,20,32,26,31,32,28,31,16,14,37,22,30,34,28,32,15,14,15
20,3,22,10,33,29,29,9,22,37,19,32,18
24,47,31,36,25,12
13,32,28,37,21,28,19,31,8,25,18,24,33,28,30,18,3,16
27,15,28,10,24,36,29,18,31,24,20,34,28,9,20,38
24,41,31,33,11,21,38,36,27,19,18,23,24,17,17,30,36,28,26,36,15,24,22,21,17
33,30,23,38,13,23,17,39,24
28,22,34,30,29,26,32,29,30,13,35,34,31,23,25,16,21,42,24,20,27,24
16,29,21,26,35,27,36,30,20,19,26,16,29,38,23,24,41,32,30,33,26,38,33
5,31,28,12,35,25,20,8,25,25,30
27,25,19,22,30,11,21,25,25,31,40,22,23,22,7,35,28
31,25,32,23,31,20,35,15,31
27,32,23,19,21,23,24,17,23,10,22,24,41,38,35,31,25,11,22,22,19,33,23,18,11,37,33,25,29,24,31,28
21,20,14,22,35,10,29,29,20,12
20,20,30,29,23,30,18,25,34,22,24,14
23,29,21,37,30,26,33
35,35,17,19,25,19,41,9,27,13,16,36,24
26,29,21,30,30,25,22,27,33,24,24,14,32,20,33,29
36,29,18,45,35,25,19,16,38,23,28,32,28,30,24,31,34,24,28,22,27,36
28,22,25,16,23,36,38,11,31,27,11
29,28,30,15,21,29,12,37,28,21,36,35,22,17,32
48,27,22,16,32
14,30,29,27,23,42,26,40,30
36,21,29,26,23,15,26,44,40,24,41,27,18,25,29,31,27,25,30,26,17,24,25,21,29,26,20,36,22,27,24,19
30,27,31,41,26,23,1,29,20,19,20,29,23,23,22,25,22,19,16,33,29,25,19,39
22,31,15,34,31,18,26,16,22,14
27,33,20,22,28
10,26,21,25,2,16,22,31
14,14,22,21,27,19,25,16,25,32,20,21,37,18,16,11
18,24,21,43,18,17,24,34,21,26,26,21,24,15,4,21
32,24,16,22,35,17,25,26,32,19
35,21,31,34,39,40
17,37,12,21,27,14,26,29,32,24,35,25,32,33,40,24,30,24,24,18,33,17,15,24,20,44,27
43,13,19,36,20,19,29,19,19,31,23,26,35,35,32,42,22,17,40,28
23,7,34,32,19,28,33,14,31,27,17,22,22
19,22,9,24,40,28,19,29,30,29,34,17,33,15
26,12,27,11,27,49,10,26,27,25,30,13
38
29,31,24,32,14,33,20,28,31,31,32,29,14,34,28,27,13
25,29,29,26,34,16,14
9,27,29,27,26,8,29,22
40,15,16,28,10,18,37,29,22,40,28
27,21,36,11,35,33,25,42,27,28,18,21,30,30,28,27,36,23,28,12,32,23
38,30,29,10,13,24,20
21,22,18,32,28
38,17,43,20,27,41,34,12,32,38,29,31,17,25,21,14,18,21,18,19,19
37,37,45,19,28,26,20,18,33,33,42,16,37,21,16,32,25,39,10,35,17,19
8,30,22,35,27,17,16,16
14,29,16,20,25,23,26,31,29,16,25,13,22,29,22,29,37,37,7,19
24,34,22,39,30,18,18,19,11,23,37,29,35,20
18,22,17,41,23,33,28,20,33,30,28,25,27,30,39,23,21,15
24,28,40,16,8,20
23,19,44,1,16,21,29,32,25,30,22,11,25,16,6,18,22,25,25,26,38,27,27
37,35,18,28,18,25,38,26,22,14,28,24,32,31,31,35,24,36,11,35,16,10,23,23,33,19
15,26,29,18,26,15,26,25,4,29,23,17,41,29,21,20,27,32,26,30,17
23,34,26,30,23,36,20,18,14,27,24,32,21,12,25,18,20,34,29,21
25
15,14,30,35,28,16,24,24,24,14,29,23,16,10,15,18,27,31
12,31,32,19,19,41,23,30,22,23,13,23,15,17,29,20
43,23,32,28,13,6,11,23,34,20,26,26,47,20,21
24,26,6,25,20,24,17,32,34,30,32
18,18,20,31,33,33,26,27,32,19,22,28,38,30,25,21
26,2,31,29,18,28,26,16,36,26,16,43,25,19,31,32,28,1,25
24,24,30,27,23,13,31,23,26,35,32,27,18,18
14,20,40,24,25,26,30,35,23,32,50,4
22,24,25,27,20,50,22,27,23,29,29,28,37,24,33,13,33,30,30,26,22,5,20,23,19,28
22,29,20,29,26,24,16
36,22,15,36,18,18,26,13,19,10,9,25,23,35,40,27,28,15,21,26,33,30,24,23
18,13,17,24,27,23,27,40,27,22,24,8,30,27,27,18,18
13,25,49,29,42,18,26,34,35,10
21,33,39,19,18,13,24,19,39,37,27,36,31,25
31,31,25,20,23,27,36,20,24
35,21,33,16,22,23,37,26,15,15,41,29,21,32,19,28,20,26,15,28,34
23,30,19,23,27,32,26,21,15,24,15,32,10,27,23,23,25,30,28
14,34,16,23,30,24,17,19,21,37,14,34
14,21,29,18,24,22,17
39,24,38,7,34,25,24,34,33,35,32,23,21,21,15,33,32,28
22,18,22,23,29,30,12,26,26,28,16,27,22,29,28,31,37,29,30,33,18,21,25,22
38,25,15,11,47,25,33,31,40,25,5,15,23,20,30
21,41,20,28,12,33,12,26,24,14,18,28,19,30,21,27,20,32,21
15,27,33,19,24,22,33,19,18,19,32,23,32
23,25,17,24,12,26,17,25,26,30,24,21,43,36,28,16,29
17,33,23,24,39,36,29,23,15,33,25,25,8,16
8,26,24,10,25,18,5,29,41,20,30,25,22,43,15,31,14,16
31,17,25,20
27,19,29,17,25,22,16,14,20,5,44,33,29,39,7,31,12,28,24,11,31
34,27,26,26,14,25,31,28,38,27,17,28,30,21
30,32,20,32,33,15,25,31,26,32,21,15,26,9,27,37,28,22,20
25,42,32,24,22,27,40,17,19,21,24,28,41
31,11,13,23,25,28,19,23,15,17,24,33,14,34,23,18,31,23,27
23,24,23,29,18,36,32
31,28,27,35,32,27,28,38,39,37,24,37,23,32,30,25,31,32,23,26,17,46,19,29,26,34
21,33
37,28,22,30,15,26,36,27
6,19,25,22,9,15,32,25,3,33,23,24,14,29,19,22,15,7
36,16,18,24,31,20,29,40,28,20,35,18,21,30,29,12,42,30,36,25,37,20,25,25,31,14,32,22
20,27,9,30,18,28,29,50,3,17,41,17,23,23,20,41,25,21
36,21,24,23,40,21,14,30,17,19,27,22,15,25
16,26,15,22,40
18,25,34,34,30,25,35,22,42,27,12,46,21,29
33,34,19,21,26,50,29,25,27,33,40,24,20,20,20,32
29,31,40,23,34,29,21,21,22,26,33,34,28,34,27,28,24,42,39,21,32,27,23,31,27,26,23,24,14,19
24,32,38,28,15,19,29,21,16,22,25,28,17,24,30,31,34,29,26,43,25
39,21,35,13
31,20,22,23,20,2,41,22,13,35,39,24,23,15,28,17,41,24,29,18,20,28,16,32,18,28,17,33,13,24,24,9
18,26,16,23,2,26,17,15,18,22,20,28,32
29,23,35,17,21,0,25,21,34
21,20,44,28,18,12,14,34,25,29,28,19,20,31,23,22,23,26,36,28,33,16,17,35,29,28,23,38
28,22,22,23,32,30,30,41,29,26,31,30,11,17,31,32
23,21,14,26,28,31,22,20,33,24,26,11,21
36,36,23,29,26,42,4,24,0,31,38,24,26,29,35,7,22,28
22,20,18,23,27,35,26,17,26,34,20,24,31,20,24,25,29,9,27,22,24,33,30
44,29,9,20,28,26,35,10,29,26,27,23,23,13,40,17,33,23,24,41,23,35,24,30
22,17,19,32,29
28,23,27,32,27,27,13,20,19,18,27,40,36,30,17,30,39,16,18,3,12,41,41,32,28,20,32,23,42,33,34,26
20,35,22,14,35,32,25,29,47,5,24,29,23,18,38,44,33,36,19,23,28,32,23,36
28,33,38,30,18,15,20,24,25,21,27,26,30
21,34,6,28,26,30,40,33,27
22,31,23,21,35,27,28,25
18,8,29,31,27,16,21,25,13,24,27,25,15,22,19,14,14
24,19,42,26,27,25,20,32,29,30,28
10,30,23,25,33,23,14,29,42,14
28,22,35,25,14,8,37,25,19,23,25,18,23,31,15,34,20,27,37,17,25,29
33,18,37,9,27,16,24,32,23,33,27,30,29,7,39,12,27,28,11
23,20,18,28,27,26,27,14,28,15,21,20,13
30,38,22,31,18,30,39,31,16,26,22,23,41,20,19,31,18,16,8,14,20,19
29,26,37,29,23,26,44,27,32,37,21,32,29,22,37,18,23,22,14,34,23,15,20,19,37,30,35
27,29,17,31,22,29,24
16,38,22,43,26,26,30,31,31,26,30
19,15,40,30,26,13,36,25,14,22,32,27,35,0,35,21,28,22,30,31,34,27,31,29
20,25,35,8,38,24,33,24,13,12,20,13,32,12,10,32,23,17,19,23,24,21
3,17,13,23,28,24,22,23,9,31,31,30,27,17,22,22,17,37
28,38,33,27,23,26,21,17,17,28,14,24,13,35,24,23,27,22,14,21,37,27,34,46,27
24,36,26,16,14,19,27
22,22,15,21
26,10,18,43,34,36,8,24,29
25,32,28,30,34,11,28,15,29,36,24,12,14,25,20,38,23
40,25,16,44,23,37,37,24,31,33
37,23,16,35,30,10,34,14,22,20,23,25
17,34,30,30,36,36,27,27
20,28,23,11,29,16,37,40,31,16,26
17,19,18,24,26,24,28,17
34,34,20,29,20,18,25,33,23,27,27,14,1,13,20,18,17,10,27
34,36,30,19,29,10,32,32,18,27,28,26,40,26,15,15,34,12,27,12,30,24
33,13,13,23,20,35,24,25,22,36,7,23
14,11,41,36,33,18,29,29,25,31,34,31,36,34
23,30,15,12,34,18,28,19,25,36,35
24,29,23,29,17,33,28,19,35,22,14,25,27,32,24,34,28,19,24,37
10,36,19,32,21,32,31,10,10,21,15,16,32,20,19,21,16
20,18,39,36,26,35,31,24,25,24,39,33,22,17,17,26,29,28,18,27,32,8,16,16,21,23,19,25,2
26,18,39,12,14,17,35
13,26,34,27,13,24,24,22,18,30,27,33,32,18,20,40,7,36,38
25,30,50,18,35,30,21,34,31,21,36,21,25,28,40,37,33,23,34,11
18,34,32,38,38,24,16,13,29,29,44,23,33
44,32,45,36,19,15,27,33,22,36,28,24,24,23,24,24,29,14,21,16,10
24,2,13,20
11,25,33,23,15,33,30,14,31,25,25,22,20,18,25,20,21,29,22,14,17,32,38,24,22,22,27,25,45,24,24,30
34,22,19,25,27
25,40,30,36,35,12,19,23,26,27,18,29,17,30,36,27,28,44,26,19,17,21,28
20,33,20,16,20,28,23
29,29,42,41,28,33,27,20,33,12,50,21,21,23,21,7,38,18,16,19,28,35,27,40,36
24,17,33,26,28,30,27,22,17,37,30,31,20
31,17,19,38,42,32,9,30,16,31,37,24,10,23,16,24,21
38,6,19,22,19,24,28,40,25,9,24,21,33,23,35,13
6,30,35,20,29,23,42,33,27,27,38,27,27,26,29,45,23,32,17,28,11,38,33,26,15
43,41,16,19,20,20,22,27,15,33,24,25,37
35
26,22,28,23,34,14,21,21,23,25
21,14,25,33,7,26,27,33,20,25,30,21,23,22,14,30,28
26,18,28,27,20,13,29,25,31,15,4,28
23,15,21,22,18,31,11,9,6,28,0,27,28,24,26,32,21,25,41,22,23,31
27,25,27,20,25,33,27,15,17,12,27,34,20,37,21,12,20,27,26,25,13,28,20,14
27,26,32,22,45,34,32,12,7,25,32,35,17,39,14
19,19,31,22
35,19,38,26,20,25,32,20,18,33,35,36,14,28,30,12,29,30,41,16,24,47,18,21,21,13,32
45,30,33,13,23,18,15,11,31,16,31,30,28,16,37,32,38,36,29,37,28,23,19,26,26
11,27,36,21,45,18,29,35,35,30,27,30,14,22
17,30,39,21,26,41,24,28,27,28,11,32,30,9,41,24,14,24,31,19,30,24,32,24,29,32,27,31,25,28,37,21
29,6,24,32,29,18,26,23,31,30,19,44,17
33,22,33,39,34,27,28
22,22,34,23,29,37,29,17,17,14,17,18,29,17,21
10,17,23,26,35,24,38,9,34,22,34,35,30,18,27,33,19,30,33,26,16,19,23,33,24
18,35,31,34,14,15,30,27,5
27,18,33,31,29,15,33,8,17,10,2,17,27,21,34,9,19,17,27,19,29,26,30,4,25,18,25,18,32,19,33,28
23,26,18,13,13,33,18,27,21
27,29,27,37,14,12,35,17,21,45,33,2,31,27,7,34,34,17,28,31,17,22,31,31
23,14,17,28,18,37,24,13,0,25,30,23,23,18,19,16,33,21,27,28
44,23,25,35,34,35,24,12,20,3,11,43,32,21,19
17,17,28,32,24,35,4,33,41,30,19,21,14,17,10,27,21,28,30,27,18,17,26,16,29
30,25,26,23
30,21,24,44,17,23,30,21,27,26,29,31,41,32,31,34,27,40,20,24,31,25,20,21,24,15,19
22,19,32,20,30,12,26,38,20,39,39,28,24,31,7
27,33,28,23,28,21,21,29,24,22,12,36
16,19,26,24,14,21,23,35,18,17,27,20,17,29,24,25,34,25,21,12,15,21
21,14,22,22,11,20,12,11,34,30,8,15,24,21,25,25,28,12,24,27,14,26,35,20
27,24,48,33,23,9,29,23,40,40,37,28,15,34,25,36,22,11,10,16,33,13
25,19,36,25,17,26,36,28,27,12,33,26,33,23,20,37,15,18,27,6,24,36,16,12,21,35,20,11,33,24,27,48
23,10,32,36,26,30,28,30,40,11,23,29,34,11,26,23,17,37,31,35,34,28,16,12,27
25,17,25,21,28,44,26,30,30,40,22,16,22,16,32,26,13,30,12,18,29,11,31,16,7,29
31,22,28,15,31,41,16,16,21,37,18,24
21,19,19,30,21,42,20,38,33,17,34,32,23,23,32,26,31
30,36,21,17,36,19,36,24,19,31,31,37,17,43,23,23,25,29,22,23,22
37,13,17,23,24,14,19,21,31,29,33,20,15,31,20,14
19,25,9,21,34,21,31,37,28,25,25,43,28,30,33,22,32,9
29,30,26,20,24,36,30,29,24,15,19,22,28,35,6,17,26,41,13
21,36,30,8,8,19,12,24,34,24,27,14,18,30,29,33,29,36,12,35,4,30,43
22,29,24,16,24,28,26,30,23,11,37,24,15,18,18
22,26,19,9,20,39,26,35,15,26,23,45,39
11,21,35,16,6,24,31,25,23
36,27,19,21,21,32,28,11,29
14,21,37,11,19,21,15,35,20,25,23,32,28,34,16,22,33,30,30,27,19,27,23,28,19
17,23,33,35,18,30,28,10,20,32,33,17,24,17,14
20,30,17,23,12,23,7,25,42,24,21,34,19,36,26,22,36,18,29,19,18,38
24,22,42,31,42,35
32
18,36,20,33,27,36,33,16
33,22,30,27,23,24,30,32,34,16,27,33,47,23,24,38,21,22,38,32,31,26,15,25,24
10,24,24,30,23,31,21,37,45,18,35,32,33,23,26,28,27,37,44,21,15,17,37,29,26
13,23,22,39,26,34,22,31,23,31,33,13,36,41,39,27,33,28,23
18,20,27,25,34,20,32,11,22,23
32,40,15,17,22,0,34,25,40,17,24,12,5,19,35
15,44,32,22,21,35,20,23,39,34,26,25,38,33
35,13,31,33,29,30,13,25,3,32,21,27,33
33
24,31,18,33,31,25,16,21,26
25,19,25,30,17,17,17,25,32,36,28,21,15,30
27,23,38,18,30,16,28,29,15,45,35,12,27,30,34,21,19,19,20,23,21,28,17,23,27,31,32,35
25,23,24,16,18,11,16,25,38,32,26,19,34,29,23,33,16
27,31,11,23,23,12,25,23,19,19,35,16,35,23,30,21,33,20,33,35,17,31,19,34,31,20,26
27,14,41,24,32,36,16,15,15,31,23,33,33
25,38,28,18,32,22,30,20,33,25,25,21,41,25
39
1,26,24,29,33,16,45,34,28,25,28,18,23,22,21,32,22,29,34,32
37,24,29,20,17,28,28,23,30,20,14,15,25,30,35,29,21,18,9,23
38,24,31,30,32,34,36,25,8,34,28,27,28,22,14,21,36,26,27,25,34,19,28,22,34,18,41,31,37,31
15,29,31,33,26,37,21,25,33,21,14,44
31,14,31,26,24,23,27,33,24,28,31,31,19,18,23,17,11
28,34,27,17,1,26,26,12,37,32
27,36,21,30,25,26,47
32,14,22,33,13,17,17,23,34,31
27,29,36,13,26,28,23,20,35,25,35,35,19
25,22,24,21,15,7,12,22,31,15,24,28,22,12,20,28,25,37,42,40,24,41,16,28,30,24,23
24,32,27,28,34,11,25,24,10,23,22,17,24,18,20,31
17,13,31,32,24,17,8,18,33,24
37,19,16,9,5,2,9,37,31,24,25,34,33,17,21,16,21
34,24,21,16,11,37,18,20,34,38,21,34,46,39,21,34,19,24
28,18,13,21,33,31,29,23,28,24,23
17,17,19,31,30,33,1,25,20,0,19,29,24,23,24,28,21,21,17,36,29,15,14,30,26
14
11,10,35,35,32,20,18,19,4,33,33,20,17,31
21,28,14,40,21,3,31,36,21,41,38,30,24,33,26,32,22,24,25,34,22
18,36,19,39,24
20,18,28,25,19,34,27,27,32,35,34,25,26,38,13,34,33,20,12
